[
{"sts":"Belum Mengajukan","kecamatan":"BABAKAN MADANG","desa":"BABAKAN MADANG","Realisasi":"0"},
{"sts":"Belum Mengajukan","kecamatan":"BABAKAN MADANG","desa":"BOJONG KONENG","Realisasi":"0"},
{"sts":"Belum Mengajukan","kecamatan":"BABAKAN MADANG","desa":"CIJAYANTI","Realisasi":"0"},
{"sts":"Belum Mengajukan","kecamatan":"BABAKAN MADANG","desa":"CIPAMBUAN","Realisasi":"0"},
{"sts":"Belum Mengajukan","kecamatan":"BABAKAN MADANG","desa":"CITARINGGUL","Realisasi":"0"},
{"sts":"Belum Mengajukan","kecamatan":"BABAKAN MADANG","desa":"KADUMANGGU","Realisasi":"0"},
{"sts":"Belum Mengajukan","kecamatan":"BABAKAN MADANG","desa":"KARANGTENGAH","Realisasi":"351,600,000"},
{"sts":"Belum Mengajukan","kecamatan":"BABAKAN MADANG","desa":"SENTUL","Realisasi":"0"},
{"sts":"Belum Mengajukan","kecamatan":"BABAKAN MADANG","desa":"SUMURBATU","Realisasi":"195,696,800"},
{"sts":"Belum Mengajukan","kecamatan":"BOJONG GEDE","desa":"BOJONGBARU","Realisasi":"0"},
{"sts":"Belum Mengajukan","kecamatan":"BOJONG GEDE","desa":"BOJONGGEDE","Realisasi":"400,000,000"},
{"sts":"Belum Mengajukan","kecamatan":"BOJONG GEDE","desa":"CIMANGGIS","Realisasi":"400,000,000"},
{"sts":"Belum Mengajukan","kecamatan":"BOJONG GEDE","desa":"KEDUNGWARINGIN","Realisasi":"400,000,000"},
{"sts":"Belum Mengajukan","kecamatan":"BOJONG GEDE","desa":"RAGAJAYA","Realisasi":"400,000,000"},
{"sts":"Belum Mengajukan","kecamatan":"BOJONG GEDE","desa":"RAWAPANJANG","Realisasi":"400,000,000"},
{"sts":"Belum Mengajukan","kecamatan":"BOJONG GEDE","desa":"SUSUKAN","Realisasi":"400,000,000"},
{"sts":"Belum Mengajukan","kecamatan":"BOJONG GEDE","desa":"WARINGINJAYA","Realisasi":"0"},
{"sts":"Belum Mengajukan","kecamatan":"CARINGIN","desa":"CARINGIN","Realisasi":"0"},
{"sts":"Belum Mengajukan","kecamatan":"CARINGIN","desa":"CIDERUM","Realisasi":"0"},
{"sts":"Belum Mengajukan","kecamatan":"CARINGIN","desa":"CIHERANG PONDOK","Realisasi":"0"},
{"sts":"Belum Mengajukan","kecamatan":"CARINGIN","desa":"CIMANDE","Realisasi":"400,000,000"},
{"sts":"Belum Mengajukan","kecamatan":"CARINGIN","desa":"CIMANDE HILIR","Realisasi":"0"},
{"sts":"Belum Mengajukan","kecamatan":"CARINGIN","desa":"CINAGARA","Realisasi":"0"},
{"sts":"Belum Mengajukan","kecamatan":"CARINGIN","desa":"LEMAH DUHUR","Realisasi":"0"},
{"sts":"Belum Mengajukan","kecamatan":"CARINGIN","desa":"MUARA JAYA","Realisasi":"0"},
{"sts":"Belum Mengajukan","kecamatan":"CARINGIN","desa":"PANCAWATI","Realisasi":"0"},
{"sts":"Belum Mengajukan","kecamatan":"CARINGIN","desa":"PASIR MUNCANG","Realisasi":"0"},
{"sts":"Belum Mengajukan","kecamatan":"CARINGIN","desa":"PASIRBUNCIR","Realisasi":"400,000,000"},
{"sts":"Belum Mengajukan","kecamatan":"CARINGIN","desa":"TANGKIL","Realisasi":"0"},
{"sts":"Belum Mengajukan","kecamatan":"CARIU","desa":"BABAKANRADEN","Realisasi":"0"},
{"sts":"Belum Mengajukan","kecamatan":"CARIU","desa":"BANTARKUNING","Realisasi":"0"},
{"sts":"Belum Mengajukan","kecamatan":"CARIU","desa":"CARIU","Realisasi":"0"},
{"sts":"Belum Mengajukan","kecamatan":"CARIU","desa":"CIBATUTIGA","Realisasi":"0"},
{"sts":"Belum Mengajukan","kecamatan":"CARIU","desa":"CIKUTAMAHI","Realisasi":"0"},
{"sts":"Belum Mengajukan","kecamatan":"CARIU","desa":"KARYAMEKAR","Realisasi":"0"},
{"sts":"Belum Mengajukan","kecamatan":"CARIU","desa":"KUTAMEKAR","Realisasi":"0"},
{"sts":"Belum Mengajukan","kecamatan":"CARIU","desa":"MEKARWANGI","Realisasi":"0"},
{"sts":"Belum Mengajukan","kecamatan":"CARIU","desa":"SUKAJADI","Realisasi":"0"},
{"sts":"Belum Mengajukan","kecamatan":"CARIU","desa":"TEGALPANJANG","Realisasi":"0"},
{"sts":"Belum Mengajukan","kecamatan":"CIAMPEA","desa":"BENTENG","Realisasi":"0"},
{"sts":"Belum Mengajukan","kecamatan":"CIAMPEA","desa":"BOJONGJENGKOL","Realisasi":"0"},
{"sts":"Belum Mengajukan","kecamatan":"CIAMPEA","desa":"BOJONGRANGKAS","Realisasi":"0"},
{"sts":"Belum Mengajukan","kecamatan":"CIAMPEA","desa":"CIAMPEA","Realisasi":"0"},
{"sts":"Belum Mengajukan","kecamatan":"CIAMPEA","desa":"CIAMPEA UDIK","Realisasi":"0"},
{"sts":"Belum Mengajukan","kecamatan":"CIAMPEA","desa":"CIBADAK","Realisasi":"0"},
{"sts":"Belum Mengajukan","kecamatan":"CIAMPEA","desa":"CIBANTENG","Realisasi":"0"},
{"sts":"Belum Mengajukan","kecamatan":"CIAMPEA","desa":"CIBUNTU","Realisasi":"0"},
{"sts":"Belum Mengajukan","kecamatan":"CIAMPEA","desa":"CICADAS","Realisasi":"0"},
{"sts":"Belum Mengajukan","kecamatan":"CIAMPEA","desa":"CIHIDEUNGHILIR","Realisasi":"0"},
{"sts":"Belum Mengajukan","kecamatan":"CIAMPEA","desa":"CIHIDEUNGUDIK","Realisasi":"0"},
{"sts":"Belum Mengajukan","kecamatan":"CIAMPEA","desa":"CINANGKA","Realisasi":"0"},
{"sts":"Belum Mengajukan","kecamatan":"CIAMPEA","desa":"TEGALWARU","Realisasi":"0"},
{"sts":"Belum Mengajukan","kecamatan":"CIAWI","desa":"BANJAR WANGI","Realisasi":"0"},
{"sts":"Belum Mengajukan","kecamatan":"CIAWI","desa":"BANJAR WARU","Realisasi":"0"},
{"sts":"Belum Mengajukan","kecamatan":"CIAWI","desa":"BANJARSARI","Realisasi":"0"},
{"sts":"Belum Mengajukan","kecamatan":"CIAWI","desa":"BENDUNGAN","Realisasi":"0"},
{"sts":"Belum Mengajukan","kecamatan":"CIAWI","desa":"BITUNGSARI","Realisasi":"0"},
{"sts":"Belum Mengajukan","kecamatan":"CIAWI","desa":"BOJONG MURNI","Realisasi":"400,000,000"},
{"sts":"Belum Mengajukan","kecamatan":"CIAWI","desa":"CIAWI","Realisasi":"0"},
{"sts":"Belum Mengajukan","kecamatan":"CIAWI","desa":"CIBEDUG","Realisasi":"0"},
{"sts":"Belum Mengajukan","kecamatan":"CIAWI","desa":"CILEUNGSI","Realisasi":"0"},
{"sts":"Belum Mengajukan","kecamatan":"CIAWI","desa":"CITAPEN","Realisasi":"0"},
{"sts":"Belum Mengajukan","kecamatan":"CIAWI","desa":"JAMBULUWUK","Realisasi":"0"},
{"sts":"Belum Mengajukan","kecamatan":"CIAWI","desa":"PANDAN SARI","Realisasi":"0"},
{"sts":"Belum Mengajukan","kecamatan":"CIAWI","desa":"TELUK PINANG","Realisasi":"0"},
{"sts":"Belum Mengajukan","kecamatan":"CIBUNGBULANG","desa":"CEMPLANG","Realisasi":"388,871,200"},
{"sts":"Belum Mengajukan","kecamatan":"CIBUNGBULANG","desa":"CIARUTEUN ILIR","Realisasi":"0"},
{"sts":"Belum Mengajukan","kecamatan":"CIBUNGBULANG","desa":"CIARUTEUN UDIK","Realisasi":"0"},
{"sts":"Belum Mengajukan","kecamatan":"CIBUNGBULANG","desa":"CIBATOK I","Realisasi":"0"},
{"sts":"Belum Mengajukan","kecamatan":"CIBUNGBULANG","desa":"CIBATOK II","Realisasi":"0"},
{"sts":"Belum Mengajukan","kecamatan":"CIBUNGBULANG","desa":"CIJUJUNG","Realisasi":"0"},
{"sts":"Belum Mengajukan","kecamatan":"CIBUNGBULANG","desa":"CIMANGGU I","Realisasi":"0"},
{"sts":"Belum Mengajukan","kecamatan":"CIBUNGBULANG","desa":"CIMANGGU II","Realisasi":"0"},
{"sts":"Belum Mengajukan","kecamatan":"CIBUNGBULANG","desa":"DUKUH","Realisasi":"0"},
{"sts":"Belum Mengajukan","kecamatan":"CIBUNGBULANG","desa":"GALUGA","Realisasi":"400,000,000"},
{"sts":"Belum Mengajukan","kecamatan":"CIBUNGBULANG","desa":"GIRIMULYA","Realisasi":"0"},
{"sts":"Belum Mengajukan","kecamatan":"CIBUNGBULANG","desa":"LEUWEUNGKOLOT","Realisasi":"0"},
{"sts":"Belum Mengajukan","kecamatan":"CIBUNGBULANG","desa":"SITU ILIR","Realisasi":"0"},
{"sts":"Belum Mengajukan","kecamatan":"CIBUNGBULANG","desa":"SITU UDIK","Realisasi":"0"},
{"sts":"Belum Mengajukan","kecamatan":"CIBUNGBULANG","desa":"SUKAMAJU","Realisasi":"0"},
{"sts":"Belum Mengajukan","kecamatan":"CIGOMBONG","desa":"CIADEG","Realisasi":"0"},
{"sts":"Belum Mengajukan","kecamatan":"CIGOMBONG","desa":"CIBURAYUT","Realisasi":"0"},
{"sts":"Belum Mengajukan","kecamatan":"CIGOMBONG","desa":"CIBURUY","Realisasi":"0"},
{"sts":"Belum Mengajukan","kecamatan":"CIGOMBONG","desa":"CIGOMBONG","Realisasi":"0"},
{"sts":"Belum Mengajukan","kecamatan":"CIGOMBONG","desa":"CISALADA","Realisasi":"0"},
{"sts":"Belum Mengajukan","kecamatan":"CIGOMBONG","desa":"PASIRJAYA","Realisasi":"0"},
{"sts":"Belum Mengajukan","kecamatan":"CIGOMBONG","desa":"SROGOL","Realisasi":"0"},
{"sts":"Belum Mengajukan","kecamatan":"CIGOMBONG","desa":"TUGUJAYA","Realisasi":"0"},
{"sts":"Belum Mengajukan","kecamatan":"CIGOMBONG","desa":"WATESJAYA","Realisasi":"0"},
{"sts":"Belum Mengajukan","kecamatan":"CIGUDEG","desa":"ARGAPURA","Realisasi":"0"},
{"sts":"Belum Mengajukan","kecamatan":"CIGUDEG","desa":"BANGUNJAYA","Realisasi":"0"},
{"sts":"Belum Mengajukan","kecamatan":"CIGUDEG","desa":"BANYUASIH","Realisasi":"0"},
{"sts":"Belum Mengajukan","kecamatan":"CIGUDEG","desa":"BANYURESMI","Realisasi":"0"},
{"sts":"Belum Mengajukan","kecamatan":"CIGUDEG","desa":"BANYUWANGI","Realisasi":"0"},
{"sts":"Belum Mengajukan","kecamatan":"CIGUDEG","desa":"BATUJAJAR","Realisasi":"0"},
{"sts":"Belum Mengajukan","kecamatan":"CIGUDEG","desa":"BUNAR","Realisasi":"0"},
{"sts":"Belum Mengajukan","kecamatan":"CIGUDEG","desa":"CIGUDEG","Realisasi":"0"},
{"sts":"Belum Mengajukan","kecamatan":"CIGUDEG","desa":"CINTAMANIK","Realisasi":"0"},
{"sts":"Belum Mengajukan","kecamatan":"CIGUDEG","desa":"MEKARJAYA","Realisasi":"0"},
{"sts":"Belum Mengajukan","kecamatan":"CIGUDEG","desa":"RENGASJAJAR","Realisasi":"0"},
{"sts":"Belum Mengajukan","kecamatan":"CIGUDEG","desa":"SUKAMAJU","Realisasi":"0"},
{"sts":"Belum Mengajukan","kecamatan":"CIGUDEG","desa":"SUKARAKSA","Realisasi":"0"},
{"sts":"Belum Mengajukan","kecamatan":"CIGUDEG","desa":"TEGALLEGA","Realisasi":"0"},
{"sts":"Belum Mengajukan","kecamatan":"CIGUDEG","desa":"WARGAJAYA","Realisasi":"0"},
{"sts":"Belum Mengajukan","kecamatan":"CIJERUK","desa":"CIBALUNG","Realisasi":"0"},
{"sts":"Belum Mengajukan","kecamatan":"CIJERUK","desa":"CIJERUK","Realisasi":"0"},
{"sts":"Belum Mengajukan","kecamatan":"CIJERUK","desa":"CIPELANG","Realisasi":"0"},
{"sts":"Belum Mengajukan","kecamatan":"CIJERUK","desa":"CIPICUNG","Realisasi":"0"},
{"sts":"Belum Mengajukan","kecamatan":"CIJERUK","desa":"PALASARI","Realisasi":"0"},
{"sts":"Belum Mengajukan","kecamatan":"CIJERUK","desa":"SUKAHARJA","Realisasi":"0"},
{"sts":"Belum Mengajukan","kecamatan":"CIJERUK","desa":"TAJUR HALANG","Realisasi":"0"},
{"sts":"Belum Mengajukan","kecamatan":"CIJERUK","desa":"TANJUNGSARI","Realisasi":"0"},
{"sts":"Belum Mengajukan","kecamatan":"CIJERUK","desa":"WARUNG MENTENG","Realisasi":"0"},
{"sts":"Belum Mengajukan","kecamatan":"CILEUNGSI","desa":"CILEUNGSI","Realisasi":"0"},
{"sts":"Belum Mengajukan","kecamatan":"CILEUNGSI","desa":"CILEUNGSI KIDUL","Realisasi":"0"},
{"sts":"Belum Mengajukan","kecamatan":"CILEUNGSI","desa":"CIPENJO","Realisasi":"0"},
{"sts":"Belum Mengajukan","kecamatan":"CILEUNGSI","desa":"CIPEUCANG","Realisasi":"0"},
{"sts":"Belum Mengajukan","kecamatan":"CILEUNGSI","desa":"DAYEUH","Realisasi":"0"},
{"sts":"Belum Mengajukan","kecamatan":"CILEUNGSI","desa":"GANDOANG","Realisasi":"0"},
{"sts":"Belum Mengajukan","kecamatan":"CILEUNGSI","desa":"JATISARI","Realisasi":"0"},
{"sts":"Belum Mengajukan","kecamatan":"CILEUNGSI","desa":"LIMUSNUNGGAL","Realisasi":"0"},
{"sts":"Belum Mengajukan","kecamatan":"CILEUNGSI","desa":"MAMPIR","Realisasi":"400,000,000"},
{"sts":"Belum Mengajukan","kecamatan":"CILEUNGSI","desa":"MEKARSARI","Realisasi":"0"},
{"sts":"Belum Mengajukan","kecamatan":"CILEUNGSI","desa":"PASIRANGIN","Realisasi":"400,000,000"},
{"sts":"Belum Mengajukan","kecamatan":"CILEUNGSI","desa":"SITUSARI","Realisasi":"400,000,000"},
{"sts":"Belum Mengajukan","kecamatan":"CIOMAS","desa":"CIAPUS","Realisasi":"0"},
{"sts":"Belum Mengajukan","kecamatan":"CIOMAS","desa":"CIOMAS","Realisasi":"0"},
{"sts":"Belum Mengajukan","kecamatan":"CIOMAS","desa":"CIOMAS RAHAYU","Realisasi":"0"},
{"sts":"Belum Mengajukan","kecamatan":"CIOMAS","desa":"KOTA BATU","Realisasi":"0"},
{"sts":"Belum Mengajukan","kecamatan":"CIOMAS","desa":"LALADON","Realisasi":"0"},
{"sts":"Belum Mengajukan","kecamatan":"CIOMAS","desa":"MEKARJAYA","Realisasi":"0"},
{"sts":"Belum Mengajukan","kecamatan":"CIOMAS","desa":"PAGELARAN","Realisasi":"0"},
{"sts":"Belum Mengajukan","kecamatan":"CIOMAS","desa":"PARAKAN","Realisasi":"0"},
{"sts":"Belum Mengajukan","kecamatan":"CIOMAS","desa":"SUKAHARJA","Realisasi":"0"},
{"sts":"Belum Mengajukan","kecamatan":"CIOMAS","desa":"SUKAMAKMUR","Realisasi":"0"},
{"sts":"Belum Mengajukan","kecamatan":"CISARUA","desa":"BATULAYANG","Realisasi":"0"},
{"sts":"Belum Mengajukan","kecamatan":"CISARUA","desa":"CIBEUREUM","Realisasi":"400,000,000"},
{"sts":"Belum Mengajukan","kecamatan":"CISARUA","desa":"CILEMBER","Realisasi":"0"},
{"sts":"Belum Mengajukan","kecamatan":"CISARUA","desa":"CITEKO","Realisasi":"0"},
{"sts":"Belum Mengajukan","kecamatan":"CISARUA","desa":"JOGJOGAN","Realisasi":"400,000,000"},
{"sts":"Belum Mengajukan","kecamatan":"CISARUA","desa":"KOPO","Realisasi":"0"},
{"sts":"Belum Mengajukan","kecamatan":"CISARUA","desa":"LEUWIMALANG","Realisasi":"0"},
{"sts":"Belum Mengajukan","kecamatan":"CISARUA","desa":"TUGU SELATAN","Realisasi":"0"},
{"sts":"Belum Mengajukan","kecamatan":"CISARUA","desa":"TUGU UTARA","Realisasi":"0"},
{"sts":"Belum Mengajukan","kecamatan":"CISEENG","desa":"BABAKAN","Realisasi":"0"},
{"sts":"Belum Mengajukan","kecamatan":"CISEENG","desa":"CIBENTANG","Realisasi":"0"},
{"sts":"Belum Mengajukan","kecamatan":"CISEENG","desa":"CIBEUTEUNG  MUARA","Realisasi":"0"},
{"sts":"Belum Mengajukan","kecamatan":"CISEENG","desa":"CIBEUTEUNG  UDIK","Realisasi":"0"},
{"sts":"Belum Mengajukan","kecamatan":"CISEENG","desa":"CIHOE","Realisasi":"400,000,000"},
{"sts":"Belum Mengajukan","kecamatan":"CISEENG","desa":"CISEENG","Realisasi":"0"},
{"sts":"Belum Mengajukan","kecamatan":"CISEENG","desa":"KARIHKIL","Realisasi":"400,000,000"},
{"sts":"Belum Mengajukan","kecamatan":"CISEENG","desa":"KURIPAN","Realisasi":"0"},
{"sts":"Belum Mengajukan","kecamatan":"CISEENG","desa":"PARIGI MEKAR","Realisasi":"0"},
{"sts":"Belum Mengajukan","kecamatan":"CISEENG","desa":"PUTAT NUTUG","Realisasi":"0"},
{"sts":"Belum Mengajukan","kecamatan":"CITEUREUP","desa":"CITEUREUP","Realisasi":"0"},
{"sts":"Belum Mengajukan","kecamatan":"CITEUREUP","desa":"GUNUNGSARI","Realisasi":"0"},
{"sts":"Belum Mengajukan","kecamatan":"CITEUREUP","desa":"HAMBALANG","Realisasi":"0"},
{"sts":"Belum Mengajukan","kecamatan":"CITEUREUP","desa":"KARANG ASEM TIMUR","Realisasi":"0"},
{"sts":"Belum Mengajukan","kecamatan":"CITEUREUP","desa":"LEUWINUTUG","Realisasi":"400,000,000"},
{"sts":"Belum Mengajukan","kecamatan":"CITEUREUP","desa":"PASIRMUKTI","Realisasi":"0"},
{"sts":"Belum Mengajukan","kecamatan":"CITEUREUP","desa":"PUSPASARI","Realisasi":"0"},
{"sts":"Belum Mengajukan","kecamatan":"CITEUREUP","desa":"SANJA","Realisasi":"0"},
{"sts":"Belum Mengajukan","kecamatan":"CITEUREUP","desa":"SUKAHATI","Realisasi":"0"},
{"sts":"Belum Mengajukan","kecamatan":"CITEUREUP","desa":"TAJUR","Realisasi":"0"},
{"sts":"Belum Mengajukan","kecamatan":"CITEUREUP","desa":"TANGKIL","Realisasi":"0"},
{"sts":"Belum Mengajukan","kecamatan":"CITEUREUP","desa":"TARIKOLOT","Realisasi":"0"},
{"sts":"Belum Mengajukan","kecamatan":"DRAMAGA","desa":"BABAKAN","Realisasi":"0"},
{"sts":"Belum Mengajukan","kecamatan":"DRAMAGA","desa":"CIHERANG","Realisasi":"0"},
{"sts":"Belum Mengajukan","kecamatan":"DRAMAGA","desa":"CIKARAWANG","Realisasi":"0"},
{"sts":"Belum Mengajukan","kecamatan":"DRAMAGA","desa":"DRAMAGA","Realisasi":"0"},
{"sts":"Belum Mengajukan","kecamatan":"DRAMAGA","desa":"NEGLASARI","Realisasi":"0"},
{"sts":"Belum Mengajukan","kecamatan":"DRAMAGA","desa":"PETIR","Realisasi":"0"},
{"sts":"Belum Mengajukan","kecamatan":"DRAMAGA","desa":"PURWASARI","Realisasi":"0"},
{"sts":"Belum Mengajukan","kecamatan":"DRAMAGA","desa":"SINARSARI","Realisasi":"0"},
{"sts":"Belum Mengajukan","kecamatan":"DRAMAGA","desa":"SUKADAMAI","Realisasi":"0"},
{"sts":"Belum Mengajukan","kecamatan":"DRAMAGA","desa":"SUKAWENING","Realisasi":"400,000,000"},
{"sts":"Belum Mengajukan","kecamatan":"GUNUNG PUTRI","desa":"BOJONG KULUR","Realisasi":"400,000,000"},
{"sts":"Belum Mengajukan","kecamatan":"GUNUNG PUTRI","desa":"BOJONG NANGKA","Realisasi":"400,000,000"},
{"sts":"Belum Mengajukan","kecamatan":"GUNUNG PUTRI","desa":"CIANGSANA","Realisasi":"0"},
{"sts":"Belum Mengajukan","kecamatan":"GUNUNG PUTRI","desa":"CICADAS","Realisasi":"400,000,000"},
{"sts":"Belum Mengajukan","kecamatan":"GUNUNG PUTRI","desa":"CIKEAS UDIK","Realisasi":"400,000,000"},
{"sts":"Belum Mengajukan","kecamatan":"GUNUNG PUTRI","desa":"GUNUNG PUTRI","Realisasi":"0"},
{"sts":"Belum Mengajukan","kecamatan":"GUNUNG PUTRI","desa":"KARANGGAN","Realisasi":"400,000,000"},
{"sts":"Belum Mengajukan","kecamatan":"GUNUNG PUTRI","desa":"NAGRAK","Realisasi":"0"},
{"sts":"Belum Mengajukan","kecamatan":"GUNUNG PUTRI","desa":"TLAJUNG UDIK","Realisasi":"300,000,000"},
{"sts":"Belum Mengajukan","kecamatan":"GUNUNG PUTRI","desa":"WANAHERANG","Realisasi":"400,000,000"},
{"sts":"Belum Mengajukan","kecamatan":"GUNUNG SINDUR","desa":"CIBADUNG","Realisasi":"342,216,000"},
{"sts":"Belum Mengajukan","kecamatan":"GUNUNG SINDUR","desa":"CIBINONG","Realisasi":"400,000,000"},
{"sts":"Belum Mengajukan","kecamatan":"GUNUNG SINDUR","desa":"CIDOKOM","Realisasi":"0"},
{"sts":"Belum Mengajukan","kecamatan":"GUNUNG SINDUR","desa":"CURUG","Realisasi":"400,000,000"},
{"sts":"Belum Mengajukan","kecamatan":"GUNUNG SINDUR","desa":"GUNUNGSINDUR","Realisasi":"361,000,000"},
{"sts":"Belum Mengajukan","kecamatan":"GUNUNG SINDUR","desa":"JAMPANG","Realisasi":"0"},
{"sts":"Belum Mengajukan","kecamatan":"GUNUNG SINDUR","desa":"PABUARAN","Realisasi":"400,000,000"},
{"sts":"Belum Mengajukan","kecamatan":"GUNUNG SINDUR","desa":"PADURENAN","Realisasi":"400,000,000"},
{"sts":"Belum Mengajukan","kecamatan":"GUNUNG SINDUR","desa":"PENGASINAN","Realisasi":"353,841,369"},
{"sts":"Belum Mengajukan","kecamatan":"GUNUNG SINDUR","desa":"RAWAKALONG","Realisasi":"400,000,000"},
{"sts":"Belum Mengajukan","kecamatan":"JASINGA","desa":"BAGOANG","Realisasi":"0"},
{"sts":"Belum Mengajukan","kecamatan":"JASINGA","desa":"BARENGKOK","Realisasi":"0"},
{"sts":"Belum Mengajukan","kecamatan":"JASINGA","desa":"CIKOPOMAYAK","Realisasi":"0"},
{"sts":"Belum Mengajukan","kecamatan":"JASINGA","desa":"CURUG","Realisasi":"0"},
{"sts":"Belum Mengajukan","kecamatan":"JASINGA","desa":"JASINGA","Realisasi":"0"},
{"sts":"Belum Mengajukan","kecamatan":"JASINGA","desa":"JUGALA JAYA","Realisasi":"0"},
{"sts":"Belum Mengajukan","kecamatan":"JASINGA","desa":"KALONGSAWAH","Realisasi":"0"},
{"sts":"Belum Mengajukan","kecamatan":"JASINGA","desa":"KOLEANG","Realisasi":"0"},
{"sts":"Belum Mengajukan","kecamatan":"JASINGA","desa":"NEGLASARI","Realisasi":"0"},
{"sts":"Belum Mengajukan","kecamatan":"JASINGA","desa":"PAMAGERSARI","Realisasi":"0"},
{"sts":"Belum Mengajukan","kecamatan":"JASINGA","desa":"PANGAUR","Realisasi":"0"},
{"sts":"Belum Mengajukan","kecamatan":"JASINGA","desa":"PANGRADIN","Realisasi":"0"},
{"sts":"Belum Mengajukan","kecamatan":"JASINGA","desa":"SETU","Realisasi":"0"},
{"sts":"Belum Mengajukan","kecamatan":"JASINGA","desa":"SIPAK","Realisasi":"0"},
{"sts":"Belum Mengajukan","kecamatan":"JASINGA","desa":"TEGALWANGI","Realisasi":"0"},
{"sts":"Belum Mengajukan","kecamatan":"JASINGA","desa":"WIRAJAYA","Realisasi":"0"},
{"sts":"Belum Mengajukan","kecamatan":"JONGGOL","desa":"BALEKAMBANG","Realisasi":"0"},
{"sts":"Belum Mengajukan","kecamatan":"JONGGOL","desa":"BENDUNGAN","Realisasi":"0"},
{"sts":"Belum Mengajukan","kecamatan":"JONGGOL","desa":"CIBODAS","Realisasi":"0"},
{"sts":"Belum Mengajukan","kecamatan":"JONGGOL","desa":"JONGGOL","Realisasi":"0"},
{"sts":"Belum Mengajukan","kecamatan":"JONGGOL","desa":"SINGAJAYA","Realisasi":"400,000,000"},
{"sts":"Belum Mengajukan","kecamatan":"JONGGOL","desa":"SINGASARI","Realisasi":"0"},
{"sts":"Belum Mengajukan","kecamatan":"JONGGOL","desa":"SIRNAGALIH","Realisasi":"0"},
{"sts":"Belum Mengajukan","kecamatan":"JONGGOL","desa":"SUKAGALIH","Realisasi":"0"},
{"sts":"Belum Mengajukan","kecamatan":"JONGGOL","desa":"SUKAJAYA","Realisasi":"0"},
{"sts":"Belum Mengajukan","kecamatan":"JONGGOL","desa":"SUKAMAJU","Realisasi":"0"},
{"sts":"Belum Mengajukan","kecamatan":"JONGGOL","desa":"SUKAMANAH","Realisasi":"0"},
{"sts":"Belum Mengajukan","kecamatan":"JONGGOL","desa":"SUKANEGARA","Realisasi":"400,000,000"},
{"sts":"Belum Mengajukan","kecamatan":"JONGGOL","desa":"SUKASIRNA","Realisasi":"0"},
{"sts":"Belum Mengajukan","kecamatan":"JONGGOL","desa":"WENINGGALIH","Realisasi":"0"},
{"sts":"Belum Mengajukan","kecamatan":"KEMANG","desa":"BOJONG","Realisasi":"400,000,000"},
{"sts":"Belum Mengajukan","kecamatan":"KEMANG","desa":"JAMPANG","Realisasi":"400,000,000"},
{"sts":"Belum Mengajukan","kecamatan":"KEMANG","desa":"KEMANG","Realisasi":"0"},
{"sts":"Belum Mengajukan","kecamatan":"KEMANG","desa":"PABUARAN","Realisasi":"0"},
{"sts":"Belum Mengajukan","kecamatan":"KEMANG","desa":"PARAKANJAYA","Realisasi":"0"},
{"sts":"Belum Mengajukan","kecamatan":"KEMANG","desa":"PONDOK UDIK","Realisasi":"0"},
{"sts":"Belum Mengajukan","kecamatan":"KEMANG","desa":"SEMPLAK BARAT","Realisasi":"400,000,000"},
{"sts":"Belum Mengajukan","kecamatan":"KEMANG","desa":"TEGAL","Realisasi":"0"},
{"sts":"Belum Mengajukan","kecamatan":"KLAPANUNGGAL","desa":"BANTAR JATI","Realisasi":"0"},
{"sts":"Belum Mengajukan","kecamatan":"KLAPANUNGGAL","desa":"BOJONG","Realisasi":"400,000,000"},
{"sts":"Belum Mengajukan","kecamatan":"KLAPANUNGGAL","desa":"CIKAHURIPAN","Realisasi":"0"},
{"sts":"Belum Mengajukan","kecamatan":"KLAPANUNGGAL","desa":"KEMBANG KUNING","Realisasi":"400,000,000"},
{"sts":"Belum Mengajukan","kecamatan":"KLAPANUNGGAL","desa":"KLAPANUNGGAL","Realisasi":"0"},
{"sts":"Belum Mengajukan","kecamatan":"KLAPANUNGGAL","desa":"LEUWIKARET","Realisasi":"0"},
{"sts":"Belum Mengajukan","kecamatan":"KLAPANUNGGAL","desa":"LIGARMUKTI","Realisasi":"0"},
{"sts":"Belum Mengajukan","kecamatan":"KLAPANUNGGAL","desa":"LULUT","Realisasi":"0"},
{"sts":"Belum Mengajukan","kecamatan":"KLAPANUNGGAL","desa":"NAMBO","Realisasi":"0"},
{"sts":"Belum Mengajukan","kecamatan":"LEUWILIANG","desa":"BARENGKOK","Realisasi":"0"},
{"sts":"Belum Mengajukan","kecamatan":"LEUWILIANG","desa":"CIBEBER I","Realisasi":"0"},
{"sts":"Belum Mengajukan","kecamatan":"LEUWILIANG","desa":"CIBEBER II","Realisasi":"0"},
{"sts":"Belum Mengajukan","kecamatan":"LEUWILIANG","desa":"KARACAK","Realisasi":"0"},
{"sts":"Belum Mengajukan","kecamatan":"LEUWILIANG","desa":"KAREHKEL","Realisasi":"0"},
{"sts":"Belum Mengajukan","kecamatan":"LEUWILIANG","desa":"KARYASARI","Realisasi":"0"},
{"sts":"Belum Mengajukan","kecamatan":"LEUWILIANG","desa":"LEUWILIANG","Realisasi":"0"},
{"sts":"Belum Mengajukan","kecamatan":"LEUWILIANG","desa":"LEUWIMEKAR","Realisasi":"0"},
{"sts":"Belum Mengajukan","kecamatan":"LEUWILIANG","desa":"PABANGBON","Realisasi":"0"},
{"sts":"Belum Mengajukan","kecamatan":"LEUWILIANG","desa":"PURASARI","Realisasi":"0"},
{"sts":"Belum Mengajukan","kecamatan":"LEUWILIANG","desa":"PURASEDA","Realisasi":"0"},
{"sts":"Belum Mengajukan","kecamatan":"LEUWISADENG","desa":"BABAKAN SADENG","Realisasi":"0"},
{"sts":"Belum Mengajukan","kecamatan":"LEUWISADENG","desa":"KALONG I","Realisasi":"0"},
{"sts":"Belum Mengajukan","kecamatan":"LEUWISADENG","desa":"KALONG II","Realisasi":"0"},
{"sts":"Belum Mengajukan","kecamatan":"LEUWISADENG","desa":"LEUWISADENG","Realisasi":"400,000,000"},
{"sts":"Belum Mengajukan","kecamatan":"LEUWISADENG","desa":"SADENG","Realisasi":"0"},
{"sts":"Belum Mengajukan","kecamatan":"LEUWISADENG","desa":"SADENG KOLOT","Realisasi":"0"},
{"sts":"Belum Mengajukan","kecamatan":"LEUWISADENG","desa":"SIBANTENG","Realisasi":"0"},
{"sts":"Belum Mengajukan","kecamatan":"LEUWISADENG","desa":"WANGUNJAYA","Realisasi":"0"},
{"sts":"Belum Mengajukan","kecamatan":"MEGAMENDUNG","desa":"CIPAYUNG","Realisasi":"400,000,000"},
{"sts":"Belum Mengajukan","kecamatan":"MEGAMENDUNG","desa":"CIPAYUNG GIRANG","Realisasi":"0"},
{"sts":"Belum Mengajukan","kecamatan":"MEGAMENDUNG","desa":"GADOG","Realisasi":"0"},
{"sts":"Belum Mengajukan","kecamatan":"MEGAMENDUNG","desa":"KUTA","Realisasi":"0"},
{"sts":"Belum Mengajukan","kecamatan":"MEGAMENDUNG","desa":"MEGAMENDUNG","Realisasi":"0"},
{"sts":"Belum Mengajukan","kecamatan":"MEGAMENDUNG","desa":"PASIR ANGIN","Realisasi":"0"},
{"sts":"Belum Mengajukan","kecamatan":"MEGAMENDUNG","desa":"SUKAGALIH","Realisasi":"0"},
{"sts":"Belum Mengajukan","kecamatan":"MEGAMENDUNG","desa":"SUKAKARYA","Realisasi":"0"},
{"sts":"Belum Mengajukan","kecamatan":"MEGAMENDUNG","desa":"SUKAMAHI","Realisasi":"0"},
{"sts":"Belum Mengajukan","kecamatan":"MEGAMENDUNG","desa":"SUKAMAJU","Realisasi":"0"},
{"sts":"Belum Mengajukan","kecamatan":"MEGAMENDUNG","desa":"SUKAMANAH","Realisasi":"0"},
{"sts":"Belum Mengajukan","kecamatan":"MEGAMENDUNG","desa":"SUKARESMI","Realisasi":"0"},
{"sts":"Belum Mengajukan","kecamatan":"NANGGUNG","desa":"BANTARKARET","Realisasi":"0"},
{"sts":"Belum Mengajukan","kecamatan":"NANGGUNG","desa":"BATU TULIS","Realisasi":"0"},
{"sts":"Belum Mengajukan","kecamatan":"NANGGUNG","desa":"CISARUA","Realisasi":"0"},
{"sts":"Belum Mengajukan","kecamatan":"NANGGUNG","desa":"CURUGBITUNG","Realisasi":"0"},
{"sts":"Belum Mengajukan","kecamatan":"NANGGUNG","desa":"HAMBARO","Realisasi":"400,000,000"},
{"sts":"Belum Mengajukan","kecamatan":"NANGGUNG","desa":"KALONGLIUD","Realisasi":"0"},
{"sts":"Belum Mengajukan","kecamatan":"NANGGUNG","desa":"MALASARI","Realisasi":"400,000,000"},
{"sts":"Belum Mengajukan","kecamatan":"NANGGUNG","desa":"NANGGUNG","Realisasi":"0"},
{"sts":"Belum Mengajukan","kecamatan":"NANGGUNG","desa":"PANGKALJAYA","Realisasi":"0"},
{"sts":"Belum Mengajukan","kecamatan":"NANGGUNG","desa":"PARAKANMUNCANG","Realisasi":"0"},
{"sts":"Belum Mengajukan","kecamatan":"NANGGUNG","desa":"SUKALUYU","Realisasi":"0"},
{"sts":"Belum Mengajukan","kecamatan":"PAMIJAHAN","desa":"CIASIHAN","Realisasi":"0"},
{"sts":"Belum Mengajukan","kecamatan":"PAMIJAHAN","desa":"CIASMARA","Realisasi":"0"},
{"sts":"Belum Mengajukan","kecamatan":"PAMIJAHAN","desa":"CIBENING","Realisasi":"397,467,200"},
{"sts":"Belum Mengajukan","kecamatan":"PAMIJAHAN","desa":"CIBITUNG KULON","Realisasi":"0"},
{"sts":"Belum Mengajukan","kecamatan":"PAMIJAHAN","desa":"CIBITUNGWETAN","Realisasi":"0"},
{"sts":"Belum Mengajukan","kecamatan":"PAMIJAHAN","desa":"CIBUNIAN","Realisasi":"0"},
{"sts":"Belum Mengajukan","kecamatan":"PAMIJAHAN","desa":"CIMAYANG","Realisasi":"0"},
{"sts":"Belum Mengajukan","kecamatan":"PAMIJAHAN","desa":"GUNUNG PICUNG","Realisasi":"0"},
{"sts":"Belum Mengajukan","kecamatan":"PAMIJAHAN","desa":"GUNUNGBUNDER I","Realisasi":"0"},
{"sts":"Belum Mengajukan","kecamatan":"PAMIJAHAN","desa":"GUNUNGBUNDER II","Realisasi":"400,000,000"},
{"sts":"Belum Mengajukan","kecamatan":"PAMIJAHAN","desa":"GUNUNGMENYAN","Realisasi":"400,000,000"},
{"sts":"Belum Mengajukan","kecamatan":"PAMIJAHAN","desa":"GUNUNGSARI","Realisasi":"0"},
{"sts":"Belum Mengajukan","kecamatan":"PAMIJAHAN","desa":"PAMIJAHAN","Realisasi":"400,000,000"},
{"sts":"Belum Mengajukan","kecamatan":"PAMIJAHAN","desa":"PASAREAN","Realisasi":"0"},
{"sts":"Belum Mengajukan","kecamatan":"PAMIJAHAN","desa":"PURWABAKTI","Realisasi":"0"},
{"sts":"Belum Mengajukan","kecamatan":"PARUNG","desa":"BOJONGINDAH","Realisasi":"0"},
{"sts":"Belum Mengajukan","kecamatan":"PARUNG","desa":"BOJONGSEMPU","Realisasi":"400,000,000"},
{"sts":"Belum Mengajukan","kecamatan":"PARUNG","desa":"COGREG","Realisasi":"0"},
{"sts":"Belum Mengajukan","kecamatan":"PARUNG","desa":"IWUL","Realisasi":"400,000,000"},
{"sts":"Belum Mengajukan","kecamatan":"PARUNG","desa":"JABONMEKAR","Realisasi":"0"},
{"sts":"Belum Mengajukan","kecamatan":"PARUNG","desa":"PAMEGARSARI","Realisasi":"400,000,000"},
{"sts":"Belum Mengajukan","kecamatan":"PARUNG","desa":"PARUNG","Realisasi":"0"},
{"sts":"Belum Mengajukan","kecamatan":"PARUNG","desa":"WARU","Realisasi":"0"},
{"sts":"Belum Mengajukan","kecamatan":"PARUNG","desa":"WARUJAYA","Realisasi":"0"},
{"sts":"Belum Mengajukan","kecamatan":"PARUNG PANJANG","desa":"CIBUNAR","Realisasi":"0"},
{"sts":"Belum Mengajukan","kecamatan":"PARUNG PANJANG","desa":"CIKUDA","Realisasi":"0"},
{"sts":"Belum Mengajukan","kecamatan":"PARUNG PANJANG","desa":"DAGO","Realisasi":"0"},
{"sts":"Belum Mengajukan","kecamatan":"PARUNG PANJANG","desa":"GINTUNGCILEJET","Realisasi":"0"},
{"sts":"Belum Mengajukan","kecamatan":"PARUNG PANJANG","desa":"GOROWONG","Realisasi":"0"},
{"sts":"Belum Mengajukan","kecamatan":"PARUNG PANJANG","desa":"JAGABAYA","Realisasi":"0"},
{"sts":"Belum Mengajukan","kecamatan":"PARUNG PANJANG","desa":"JAGABITA","Realisasi":"0"},
{"sts":"Belum Mengajukan","kecamatan":"PARUNG PANJANG","desa":"KABASIRAN","Realisasi":"0"},
{"sts":"Belum Mengajukan","kecamatan":"PARUNG PANJANG","desa":"LUMPANG","Realisasi":"0"},
{"sts":"Belum Mengajukan","kecamatan":"PARUNG PANJANG","desa":"PARUNGPANJANG","Realisasi":"0"},
{"sts":"Belum Mengajukan","kecamatan":"PARUNG PANJANG","desa":"PINGKU","Realisasi":"0"},
{"sts":"Belum Mengajukan","kecamatan":"RANCA BUNGUR","desa":"BANTARJAYA","Realisasi":"400,000,000"},
{"sts":"Belum Mengajukan","kecamatan":"RANCA BUNGUR","desa":"BANTARSARI","Realisasi":"0"},
{"sts":"Belum Mengajukan","kecamatan":"RANCA BUNGUR","desa":"CANDALI","Realisasi":"400,000,000"},
{"sts":"Belum Mengajukan","kecamatan":"RANCA BUNGUR","desa":"CIMULANG","Realisasi":"0"},
{"sts":"Belum Mengajukan","kecamatan":"RANCA BUNGUR","desa":"MEKARSARI","Realisasi":"400,000,000"},
{"sts":"Belum Mengajukan","kecamatan":"RANCA BUNGUR","desa":"PASIRGAOK","Realisasi":"400,000,000"},
{"sts":"Belum Mengajukan","kecamatan":"RANCA BUNGUR","desa":"RANCABUNGUR","Realisasi":"0"},
{"sts":"Belum Mengajukan","kecamatan":"RUMPIN","desa":"CIBODAS","Realisasi":"0"},
{"sts":"Belum Mengajukan","kecamatan":"RUMPIN","desa":"CIDOKOM","Realisasi":"400,000,000"},
{"sts":"Belum Mengajukan","kecamatan":"RUMPIN","desa":"CIPINANG","Realisasi":"0"},
{"sts":"Belum Mengajukan","kecamatan":"RUMPIN","desa":"GOBANG","Realisasi":"0"},
{"sts":"Belum Mengajukan","kecamatan":"RUMPIN","desa":"KAMPUNGSAWAH","Realisasi":"400,000,000"},
{"sts":"Belum Mengajukan","kecamatan":"RUMPIN","desa":"KERTAJAYA","Realisasi":"0"},
{"sts":"Belum Mengajukan","kecamatan":"RUMPIN","desa":"LEUWIBATU","Realisasi":"0"},
{"sts":"Belum Mengajukan","kecamatan":"RUMPIN","desa":"MEKARJAYA","Realisasi":"0"},
{"sts":"Belum Mengajukan","kecamatan":"RUMPIN","desa":"MEKARSARI","Realisasi":"0"},
{"sts":"Belum Mengajukan","kecamatan":"RUMPIN","desa":"RABAK","Realisasi":"0"},
{"sts":"Belum Mengajukan","kecamatan":"RUMPIN","desa":"RUMPIN","Realisasi":"0"},
{"sts":"Belum Mengajukan","kecamatan":"RUMPIN","desa":"SUKAMULYA","Realisasi":"0"},
{"sts":"Belum Mengajukan","kecamatan":"RUMPIN","desa":"SUKASARI","Realisasi":"0"},
{"sts":"Belum Mengajukan","kecamatan":"RUMPIN","desa":"TAMANSARI","Realisasi":"0"},
{"sts":"Belum Mengajukan","kecamatan":"SUKAJAYA","desa":"CILEUKSA","Realisasi":"0"},
{"sts":"Belum Mengajukan","kecamatan":"SUKAJAYA","desa":"CISARUA","Realisasi":"0"},
{"sts":"Belum Mengajukan","kecamatan":"SUKAJAYA","desa":"HARKATJAYA","Realisasi":"0"},
{"sts":"Belum Mengajukan","kecamatan":"SUKAJAYA","desa":"JAYARAHARJA","Realisasi":"0"},
{"sts":"Belum Mengajukan","kecamatan":"SUKAJAYA","desa":"KIARAPANDAK","Realisasi":"0"},
{"sts":"Belum Mengajukan","kecamatan":"SUKAJAYA","desa":"KIARASARI","Realisasi":"0"},
{"sts":"Belum Mengajukan","kecamatan":"SUKAJAYA","desa":"PASIR MADANG","Realisasi":"0"},
{"sts":"Belum Mengajukan","kecamatan":"SUKAJAYA","desa":"SIPAYUNG","Realisasi":"0"},
{"sts":"Belum Mengajukan","kecamatan":"SUKAJAYA","desa":"SUKAJAYA","Realisasi":"0"},
{"sts":"Belum Mengajukan","kecamatan":"SUKAJAYA","desa":"SUKAMULIH","Realisasi":"0"},
{"sts":"Belum Mengajukan","kecamatan":"SUKAJAYA","desa":"URUG","Realisasi":"0"},
{"sts":"Belum Mengajukan","kecamatan":"SUKAMAKMUR","desa":"CIBADAK","Realisasi":"0"},
{"sts":"Belum Mengajukan","kecamatan":"SUKAMAKMUR","desa":"PABUARAN","Realisasi":"0"},
{"sts":"Belum Mengajukan","kecamatan":"SUKAMAKMUR","desa":"SIRNAJAYA","Realisasi":"0"},
{"sts":"Belum Mengajukan","kecamatan":"SUKAMAKMUR","desa":"SUKADAMAI","Realisasi":"0"},
{"sts":"Belum Mengajukan","kecamatan":"SUKAMAKMUR","desa":"SUKAHARJA","Realisasi":"0"},
{"sts":"Belum Mengajukan","kecamatan":"SUKAMAKMUR","desa":"SUKAMAKMUR","Realisasi":"0"},
{"sts":"Belum Mengajukan","kecamatan":"SUKAMAKMUR","desa":"SUKAMULYA","Realisasi":"0"},
{"sts":"Belum Mengajukan","kecamatan":"SUKAMAKMUR","desa":"SUKARESMI","Realisasi":"0"},
{"sts":"Belum Mengajukan","kecamatan":"SUKAMAKMUR","desa":"SUKAWANGI","Realisasi":"0"},
{"sts":"Belum Mengajukan","kecamatan":"SUKAMAKMUR","desa":"WARGAJAYA","Realisasi":"0"},
{"sts":"Belum Mengajukan","kecamatan":"SUKARAJA","desa":"CADASNGAMPAR","Realisasi":"0"},
{"sts":"Belum Mengajukan","kecamatan":"SUKARAJA","desa":"CIBANON","Realisasi":"0"},
{"sts":"Belum Mengajukan","kecamatan":"SUKARAJA","desa":"CIJUJUNG","Realisasi":"0"},
{"sts":"Belum Mengajukan","kecamatan":"SUKARAJA","desa":"CIKEAS","Realisasi":"0"},
{"sts":"Belum Mengajukan","kecamatan":"SUKARAJA","desa":"CILEBUT BARAT","Realisasi":"400,000,000"},
{"sts":"Belum Mengajukan","kecamatan":"SUKARAJA","desa":"CILEBUT TIMUR","Realisasi":"0"},
{"sts":"Belum Mengajukan","kecamatan":"SUKARAJA","desa":"CIMANDALA","Realisasi":"0"},
{"sts":"Belum Mengajukan","kecamatan":"SUKARAJA","desa":"GUNUNGGEULIS","Realisasi":"0"},
{"sts":"Belum Mengajukan","kecamatan":"SUKARAJA","desa":"NAGRAK","Realisasi":"0"},
{"sts":"Belum Mengajukan","kecamatan":"SUKARAJA","desa":"PASIR JAMBU","Realisasi":"0"},
{"sts":"Belum Mengajukan","kecamatan":"SUKARAJA","desa":"PASIRLAJA","Realisasi":"0"},
{"sts":"Belum Mengajukan","kecamatan":"SUKARAJA","desa":"SUKARAJA","Realisasi":"0"},
{"sts":"Belum Mengajukan","kecamatan":"SUKARAJA","desa":"SUKATANI","Realisasi":"0"},
{"sts":"Belum Mengajukan","kecamatan":"TAJURHALANG","desa":"CITAYAM","Realisasi":"0"},
{"sts":"Belum Mengajukan","kecamatan":"TAJURHALANG","desa":"KALISUREN","Realisasi":"400,000,000"},
{"sts":"Belum Mengajukan","kecamatan":"TAJURHALANG","desa":"NANGGERANG","Realisasi":"285,716,000"},
{"sts":"Belum Mengajukan","kecamatan":"TAJURHALANG","desa":"SASAK PANJANG","Realisasi":"0"},
{"sts":"Belum Mengajukan","kecamatan":"TAJURHALANG","desa":"SUKMAJAYA","Realisasi":"400,000,000"},
{"sts":"Belum Mengajukan","kecamatan":"TAJURHALANG","desa":"TAJURHALANG","Realisasi":"0"},
{"sts":"Belum Mengajukan","kecamatan":"TAJURHALANG","desa":"TONJONG","Realisasi":"400,000,000"},
{"sts":"Belum Mengajukan","kecamatan":"TAMANSARI","desa":"PASIREURIH","Realisasi":"100,000,000"},
{"sts":"Belum Mengajukan","kecamatan":"TAMANSARI","desa":"SIRNAGALIH","Realisasi":"400,000,000"},
{"sts":"Belum Mengajukan","kecamatan":"TAMANSARI","desa":"SUKAJADI","Realisasi":"320,000,000"},
{"sts":"Belum Mengajukan","kecamatan":"TAMANSARI","desa":"SUKAJAYA","Realisasi":"0"},
{"sts":"Belum Mengajukan","kecamatan":"TAMANSARI","desa":"SUKALUYU","Realisasi":"0"},
{"sts":"Belum Mengajukan","kecamatan":"TAMANSARI","desa":"SUKAMANTRI","Realisasi":"0"},
{"sts":"Belum Mengajukan","kecamatan":"TAMANSARI","desa":"SUKARESMI","Realisasi":"0"},
{"sts":"Belum Mengajukan","kecamatan":"TAMANSARI","desa":"TAMANSARI","Realisasi":"0"},
{"sts":"Belum Mengajukan","kecamatan":"TANJUNGSARI","desa":"ANTAJAYA","Realisasi":"0"},
{"sts":"Belum Mengajukan","kecamatan":"TANJUNGSARI","desa":"BUANAJAYA","Realisasi":"0"},
{"sts":"Belum Mengajukan","kecamatan":"TANJUNGSARI","desa":"CIBADAK","Realisasi":"0"},
{"sts":"Belum Mengajukan","kecamatan":"TANJUNGSARI","desa":"PASIR TANJUNG","Realisasi":"0"},
{"sts":"Belum Mengajukan","kecamatan":"TANJUNGSARI","desa":"SELAWANGI","Realisasi":"0"},
{"sts":"Belum Mengajukan","kecamatan":"TANJUNGSARI","desa":"SIRNARASA","Realisasi":"0"},
{"sts":"Belum Mengajukan","kecamatan":"TANJUNGSARI","desa":"SIRNASARI","Realisasi":"0"},
{"sts":"Belum Mengajukan","kecamatan":"TANJUNGSARI","desa":"SUKARASA","Realisasi":"0"},
{"sts":"Belum Mengajukan","kecamatan":"TANJUNGSARI","desa":"TANJUNGRASA","Realisasi":"0"},
{"sts":"Belum Mengajukan","kecamatan":"TANJUNGSARI","desa":"TANJUNGSARI","Realisasi":"0"},
{"sts":"Belum Mengajukan","kecamatan":"TENJO","desa":"BABAKAN","Realisasi":"0"},
{"sts":"Belum Mengajukan","kecamatan":"TENJO","desa":"BATOK","Realisasi":"0"},
{"sts":"Belum Mengajukan","kecamatan":"TENJO","desa":"BOJONG","Realisasi":"0"},
{"sts":"Belum Mengajukan","kecamatan":"TENJO","desa":"CILAKU","Realisasi":"0"},
{"sts":"Belum Mengajukan","kecamatan":"TENJO","desa":"CIOMAS","Realisasi":"0"},
{"sts":"Belum Mengajukan","kecamatan":"TENJO","desa":"SINGABANGSA","Realisasi":"0"},
{"sts":"Belum Mengajukan","kecamatan":"TENJO","desa":"SINGABRAJA","Realisasi":"0"},
{"sts":"Belum Mengajukan","kecamatan":"TENJO","desa":"TAPOS","Realisasi":"0"},
{"sts":"Belum Mengajukan","kecamatan":"TENJO","desa":"TENJO","Realisasi":"0"},
{"sts":"Belum Mengajukan","kecamatan":"TENJOLAYA","desa":"CIBITUNG TENGAH","Realisasi":"0"},
{"sts":"Belum Mengajukan","kecamatan":"TENJOLAYA","desa":"CINANGNENG","Realisasi":"0"},
{"sts":"Belum Mengajukan","kecamatan":"TENJOLAYA","desa":"GUNUNG MALANG","Realisasi":"0"},
{"sts":"Belum Mengajukan","kecamatan":"TENJOLAYA","desa":"GUNUNG MULYA","Realisasi":"0"},
{"sts":"Belum Mengajukan","kecamatan":"TENJOLAYA","desa":"SITUDAUN","Realisasi":"0"},
{"sts":"Belum Mengajukan","kecamatan":"TENJOLAYA","desa":"TAPOS I","Realisasi":"0"},
{"sts":"Belum Mengajukan","kecamatan":"TENJOLAYA","desa":"TAPOS II","Realisasi":"0"},
{"sts":"Dana Telah Dicairkan","kecamatan":"BABAKAN MADANG","desa":"BABAKAN MADANG","Realisasi":"567,580,380"},
{"sts":"Dana Telah Dicairkan","kecamatan":"BABAKAN MADANG","desa":"BOJONG KONENG","Realisasi":"485,532,000"},
{"sts":"Dana Telah Dicairkan","kecamatan":"BABAKAN MADANG","desa":"CIJAYANTI","Realisasi":"843,260,000"},
{"sts":"Dana Telah Dicairkan","kecamatan":"BABAKAN MADANG","desa":"CIPAMBUAN","Realisasi":"855,155,000"},
{"sts":"Dana Telah Dicairkan","kecamatan":"BABAKAN MADANG","desa":"CITARINGGUL","Realisasi":"289,797,000"},
{"sts":"Dana Telah Dicairkan","kecamatan":"BABAKAN MADANG","desa":"KADUMANGGU","Realisasi":"478,200,000"},
{"sts":"Dana Telah Dicairkan","kecamatan":"BABAKAN MADANG","desa":"KARANGTENGAH","Realisasi":"527,400,000"},
{"sts":"Dana Telah Dicairkan","kecamatan":"BABAKAN MADANG","desa":"SENTUL","Realisasi":"447,600,000"},
{"sts":"Dana Telah Dicairkan","kecamatan":"BABAKAN MADANG","desa":"SUMURBATU","Realisasi":"293,545,200"},
{"sts":"Dana Telah Dicairkan","kecamatan":"BOJONG GEDE","desa":"BOJONGBARU","Realisasi":"600,000,000"},
{"sts":"Dana Telah Dicairkan","kecamatan":"BOJONG GEDE","desa":"BOJONGGEDE","Realisasi":"600,000,000"},
{"sts":"Dana Telah Dicairkan","kecamatan":"BOJONG GEDE","desa":"CIMANGGIS","Realisasi":"600,000,000"},
{"sts":"Dana Telah Dicairkan","kecamatan":"BOJONG GEDE","desa":"KEDUNGWARINGIN","Realisasi":"600,000,000"},
{"sts":"Dana Telah Dicairkan","kecamatan":"BOJONG GEDE","desa":"RAGAJAYA","Realisasi":"600,000,000"},
{"sts":"Dana Telah Dicairkan","kecamatan":"BOJONG GEDE","desa":"RAWAPANJANG","Realisasi":"600,000,000"},
{"sts":"Dana Telah Dicairkan","kecamatan":"BOJONG GEDE","desa":"WARINGINJAYA","Realisasi":"1,000,000,000"},
{"sts":"Dana Telah Dicairkan","kecamatan":"CARINGIN","desa":"CARINGIN","Realisasi":"1,000,000,000"},
{"sts":"Dana Telah Dicairkan","kecamatan":"CARINGIN","desa":"CIDERUM","Realisasi":"1,000,000,000"},
{"sts":"Dana Telah Dicairkan","kecamatan":"CARINGIN","desa":"CIHERANG PONDOK","Realisasi":"1,000,000,000"},
{"sts":"Dana Telah Dicairkan","kecamatan":"CARINGIN","desa":"CIMANDE","Realisasi":"600,000,000"},
{"sts":"Dana Telah Dicairkan","kecamatan":"CARINGIN","desa":"CIMANDE HILIR","Realisasi":"1,000,000,000"},
{"sts":"Dana Telah Dicairkan","kecamatan":"CARINGIN","desa":"CINAGARA","Realisasi":"1,000,000,000"},
{"sts":"Dana Telah Dicairkan","kecamatan":"CARINGIN","desa":"LEMAH DUHUR","Realisasi":"1,000,000,000"},
{"sts":"Dana Telah Dicairkan","kecamatan":"CARINGIN","desa":"MUARA JAYA","Realisasi":"1,000,000,000"},
{"sts":"Dana Telah Dicairkan","kecamatan":"CARINGIN","desa":"PANCAWATI","Realisasi":"1,000,000,000"},
{"sts":"Dana Telah Dicairkan","kecamatan":"CARINGIN","desa":"PASIR MUNCANG","Realisasi":"1,000,000,000"},
{"sts":"Dana Telah Dicairkan","kecamatan":"CARINGIN","desa":"PASIRBUNCIR","Realisasi":"600,000,000"},
{"sts":"Dana Telah Dicairkan","kecamatan":"CARINGIN","desa":"TANGKIL","Realisasi":"1,000,000,000"},
{"sts":"Dana Telah Dicairkan","kecamatan":"CARIU","desa":"BABAKANRADEN","Realisasi":"600,000,000"},
{"sts":"Dana Telah Dicairkan","kecamatan":"CARIU","desa":"BANTARKUNING","Realisasi":"600,000,000"},
{"sts":"Dana Telah Dicairkan","kecamatan":"CARIU","desa":"CARIU","Realisasi":"600,000,000"},
{"sts":"Dana Telah Dicairkan","kecamatan":"CARIU","desa":"CIKUTAMAHI","Realisasi":"1,000,000,000"},
{"sts":"Dana Telah Dicairkan","kecamatan":"CARIU","desa":"KARYAMEKAR","Realisasi":"1,000,000,000"},
{"sts":"Dana Telah Dicairkan","kecamatan":"CARIU","desa":"KUTAMEKAR","Realisasi":"600,000,000"},
{"sts":"Dana Telah Dicairkan","kecamatan":"CARIU","desa":"MEKARWANGI","Realisasi":"1,000,000,000"},
{"sts":"Dana Telah Dicairkan","kecamatan":"CARIU","desa":"SUKAJADI","Realisasi":"1,000,000,000"},
{"sts":"Dana Telah Dicairkan","kecamatan":"CARIU","desa":"TEGALPANJANG","Realisasi":"1,000,000,000"},
{"sts":"Dana Telah Dicairkan","kecamatan":"CIAMPEA","desa":"BENTENG","Realisasi":"1,000,000,000"},
{"sts":"Dana Telah Dicairkan","kecamatan":"CIAMPEA","desa":"BOJONGJENGKOL","Realisasi":"600,000,000"},
{"sts":"Dana Telah Dicairkan","kecamatan":"CIAMPEA","desa":"BOJONGRANGKAS","Realisasi":"1,000,000,000"},
{"sts":"Dana Telah Dicairkan","kecamatan":"CIAMPEA","desa":"CIAMPEA","Realisasi":"600,000,000"},
{"sts":"Dana Telah Dicairkan","kecamatan":"CIAMPEA","desa":"CIAMPEA UDIK","Realisasi":"1,000,000,000"},
{"sts":"Dana Telah Dicairkan","kecamatan":"CIAMPEA","desa":"CIBADAK","Realisasi":"1,000,000,000"},
{"sts":"Dana Telah Dicairkan","kecamatan":"CIAMPEA","desa":"CIBANTENG","Realisasi":"1,000,000,000"},
{"sts":"Dana Telah Dicairkan","kecamatan":"CIAMPEA","desa":"CIBUNTU","Realisasi":"600,000,000"},
{"sts":"Dana Telah Dicairkan","kecamatan":"CIAMPEA","desa":"CICADAS","Realisasi":"1,000,000,000"},
{"sts":"Dana Telah Dicairkan","kecamatan":"CIAMPEA","desa":"CIHIDEUNGHILIR","Realisasi":"600,000,000"},
{"sts":"Dana Telah Dicairkan","kecamatan":"CIAMPEA","desa":"CIHIDEUNGUDIK","Realisasi":"600,000,000"},
{"sts":"Dana Telah Dicairkan","kecamatan":"CIAMPEA","desa":"CINANGKA","Realisasi":"600,000,000"},
{"sts":"Dana Telah Dicairkan","kecamatan":"CIAMPEA","desa":"TEGALWARU","Realisasi":"600,000,000"},
{"sts":"Dana Telah Dicairkan","kecamatan":"CIAWI","desa":"BANJAR WANGI","Realisasi":"600,000,000"},
{"sts":"Dana Telah Dicairkan","kecamatan":"CIAWI","desa":"BANJAR WARU","Realisasi":"1,000,000,000"},
{"sts":"Dana Telah Dicairkan","kecamatan":"CIAWI","desa":"BANJARSARI","Realisasi":"1,000,000,000"},
{"sts":"Dana Telah Dicairkan","kecamatan":"CIAWI","desa":"BENDUNGAN","Realisasi":"383,324,400"},
{"sts":"Dana Telah Dicairkan","kecamatan":"CIAWI","desa":"BITUNGSARI","Realisasi":"598,800,000"},
{"sts":"Dana Telah Dicairkan","kecamatan":"CIAWI","desa":"BOJONG MURNI","Realisasi":"600,000,000"},
{"sts":"Dana Telah Dicairkan","kecamatan":"CIAWI","desa":"CIAWI","Realisasi":"600,000,000"},
{"sts":"Dana Telah Dicairkan","kecamatan":"CIAWI","desa":"CIBEDUG","Realisasi":"1,000,000,000"},
{"sts":"Dana Telah Dicairkan","kecamatan":"CIAWI","desa":"CILEUNGSI","Realisasi":"1,000,000,000"},
{"sts":"Dana Telah Dicairkan","kecamatan":"CIAWI","desa":"CITAPEN","Realisasi":"1,000,000,000"},
{"sts":"Dana Telah Dicairkan","kecamatan":"CIAWI","desa":"JAMBULUWUK","Realisasi":"1,000,000,000"},
{"sts":"Dana Telah Dicairkan","kecamatan":"CIAWI","desa":"PANDAN SARI","Realisasi":"800,000,000"},
{"sts":"Dana Telah Dicairkan","kecamatan":"CIAWI","desa":"TELUK PINANG","Realisasi":"600,000,000"},
{"sts":"Dana Telah Dicairkan","kecamatan":"CIBUNGBULANG","desa":"CEMPLANG","Realisasi":"583,306,800"},
{"sts":"Dana Telah Dicairkan","kecamatan":"CIBUNGBULANG","desa":"CIARUTEUN ILIR","Realisasi":"906,926,300"},
{"sts":"Dana Telah Dicairkan","kecamatan":"CIBUNGBULANG","desa":"CIARUTEUN UDIK","Realisasi":"1,000,000,000"},
{"sts":"Dana Telah Dicairkan","kecamatan":"CIBUNGBULANG","desa":"CIBATOK I","Realisasi":"1,000,000,000"},
{"sts":"Dana Telah Dicairkan","kecamatan":"CIBUNGBULANG","desa":"CIBATOK II","Realisasi":"1,000,000,000"},
{"sts":"Dana Telah Dicairkan","kecamatan":"CIBUNGBULANG","desa":"CIJUJUNG","Realisasi":"1,000,000,000"},
{"sts":"Dana Telah Dicairkan","kecamatan":"CIBUNGBULANG","desa":"CIMANGGU I","Realisasi":"1,000,000,000"},
{"sts":"Dana Telah Dicairkan","kecamatan":"CIBUNGBULANG","desa":"CIMANGGU II","Realisasi":"600,000,000"},
{"sts":"Dana Telah Dicairkan","kecamatan":"CIBUNGBULANG","desa":"DUKUH","Realisasi":"600,000,000"},
{"sts":"Dana Telah Dicairkan","kecamatan":"CIBUNGBULANG","desa":"GALUGA","Realisasi":"600,000,000"},
{"sts":"Dana Telah Dicairkan","kecamatan":"CIBUNGBULANG","desa":"GIRIMULYA","Realisasi":"1,000,000,000"},
{"sts":"Dana Telah Dicairkan","kecamatan":"CIBUNGBULANG","desa":"LEUWEUNGKOLOT","Realisasi":"948,350,000"},
{"sts":"Dana Telah Dicairkan","kecamatan":"CIBUNGBULANG","desa":"SITU ILIR","Realisasi":"1,000,000,000"},
{"sts":"Dana Telah Dicairkan","kecamatan":"CIBUNGBULANG","desa":"SITU UDIK","Realisasi":"1,000,000,000"},
{"sts":"Dana Telah Dicairkan","kecamatan":"CIBUNGBULANG","desa":"SUKAMAJU","Realisasi":"1,000,000,000"},
{"sts":"Dana Telah Dicairkan","kecamatan":"CIGOMBONG","desa":"CIADEG","Realisasi":"600,000,000"},
{"sts":"Dana Telah Dicairkan","kecamatan":"CIGOMBONG","desa":"CIBURAYUT","Realisasi":"1,000,000,000"},
{"sts":"Dana Telah Dicairkan","kecamatan":"CIGOMBONG","desa":"CIBURUY","Realisasi":"1,000,000,000"},
{"sts":"Dana Telah Dicairkan","kecamatan":"CIGOMBONG","desa":"CIGOMBONG","Realisasi":"1,000,000,000"},
{"sts":"Dana Telah Dicairkan","kecamatan":"CIGOMBONG","desa":"CISALADA","Realisasi":"600,000,000"},
{"sts":"Dana Telah Dicairkan","kecamatan":"CIGOMBONG","desa":"PASIRJAYA","Realisasi":"1,000,000,000"},
{"sts":"Dana Telah Dicairkan","kecamatan":"CIGOMBONG","desa":"SROGOL","Realisasi":"1,000,000,000"},
{"sts":"Dana Telah Dicairkan","kecamatan":"CIGOMBONG","desa":"TUGUJAYA","Realisasi":"1,000,000,000"},
{"sts":"Dana Telah Dicairkan","kecamatan":"CIGOMBONG","desa":"WATESJAYA","Realisasi":"600,000,000"},
{"sts":"Dana Telah Dicairkan","kecamatan":"CIGUDEG","desa":"ARGAPURA","Realisasi":"1,000,000,000"},
{"sts":"Dana Telah Dicairkan","kecamatan":"CIGUDEG","desa":"BANGUNJAYA","Realisasi":"1,000,000,000"},
{"sts":"Dana Telah Dicairkan","kecamatan":"CIGUDEG","desa":"BANYUASIH","Realisasi":"1,000,000,000"},
{"sts":"Dana Telah Dicairkan","kecamatan":"CIGUDEG","desa":"BANYURESMI","Realisasi":"1,000,000,000"},
{"sts":"Dana Telah Dicairkan","kecamatan":"CIGUDEG","desa":"BANYUWANGI","Realisasi":"1,000,000,000"},
{"sts":"Dana Telah Dicairkan","kecamatan":"CIGUDEG","desa":"BATUJAJAR","Realisasi":"1,000,000,000"},
{"sts":"Dana Telah Dicairkan","kecamatan":"CIGUDEG","desa":"BUNAR","Realisasi":"1,000,000,000"},
{"sts":"Dana Telah Dicairkan","kecamatan":"CIGUDEG","desa":"CIGUDEG","Realisasi":"1,000,000,000"},
{"sts":"Dana Telah Dicairkan","kecamatan":"CIGUDEG","desa":"CINTAMANIK","Realisasi":"1,000,000,000"},
{"sts":"Dana Telah Dicairkan","kecamatan":"CIGUDEG","desa":"MEKARJAYA","Realisasi":"1,000,000,000"},
{"sts":"Dana Telah Dicairkan","kecamatan":"CIGUDEG","desa":"RENGASJAJAR","Realisasi":"1,000,000,000"},
{"sts":"Dana Telah Dicairkan","kecamatan":"CIGUDEG","desa":"SUKAMAJU","Realisasi":"1,000,000,000"},
{"sts":"Dana Telah Dicairkan","kecamatan":"CIGUDEG","desa":"SUKARAKSA","Realisasi":"1,000,000,000"},
{"sts":"Dana Telah Dicairkan","kecamatan":"CIGUDEG","desa":"TEGALLEGA","Realisasi":"1,000,000,000"},
{"sts":"Dana Telah Dicairkan","kecamatan":"CIGUDEG","desa":"WARGAJAYA","Realisasi":"1,000,000,000"},
{"sts":"Dana Telah Dicairkan","kecamatan":"CIJERUK","desa":"CIBALUNG","Realisasi":"600,000,000"},
{"sts":"Dana Telah Dicairkan","kecamatan":"CIJERUK","desa":"CIJERUK","Realisasi":"1,000,000,000"},
{"sts":"Dana Telah Dicairkan","kecamatan":"CIJERUK","desa":"CIPELANG","Realisasi":"600,000,000"},
{"sts":"Dana Telah Dicairkan","kecamatan":"CIJERUK","desa":"CIPICUNG","Realisasi":"600,000,000"},
{"sts":"Dana Telah Dicairkan","kecamatan":"CIJERUK","desa":"PALASARI","Realisasi":"1,000,000,000"},
{"sts":"Dana Telah Dicairkan","kecamatan":"CIJERUK","desa":"SUKAHARJA","Realisasi":"1,000,000,000"},
{"sts":"Dana Telah Dicairkan","kecamatan":"CIJERUK","desa":"TAJUR HALANG","Realisasi":"600,000,000"},
{"sts":"Dana Telah Dicairkan","kecamatan":"CIJERUK","desa":"TANJUNGSARI","Realisasi":"1,000,000,000"},
{"sts":"Dana Telah Dicairkan","kecamatan":"CIJERUK","desa":"WARUNG MENTENG","Realisasi":"600,000,000"},
{"sts":"Dana Telah Dicairkan","kecamatan":"CILEUNGSI","desa":"CILEUNGSI","Realisasi":"1,000,000,000"},
{"sts":"Dana Telah Dicairkan","kecamatan":"CILEUNGSI","desa":"CILEUNGSI KIDUL","Realisasi":"600,000,000"},
{"sts":"Dana Telah Dicairkan","kecamatan":"CILEUNGSI","desa":"CIPENJO","Realisasi":"990,000,000"},
{"sts":"Dana Telah Dicairkan","kecamatan":"CILEUNGSI","desa":"CIPEUCANG","Realisasi":"600,000,000"},
{"sts":"Dana Telah Dicairkan","kecamatan":"CILEUNGSI","desa":"DAYEUH","Realisasi":"1,000,000,000"},
{"sts":"Dana Telah Dicairkan","kecamatan":"CILEUNGSI","desa":"GANDOANG","Realisasi":"1,000,000,000"},
{"sts":"Dana Telah Dicairkan","kecamatan":"CILEUNGSI","desa":"JATISARI","Realisasi":"600,000,000"},
{"sts":"Dana Telah Dicairkan","kecamatan":"CILEUNGSI","desa":"LIMUSNUNGGAL","Realisasi":"1,000,000,000"},
{"sts":"Dana Telah Dicairkan","kecamatan":"CILEUNGSI","desa":"MAMPIR","Realisasi":"600,000,000"},
{"sts":"Dana Telah Dicairkan","kecamatan":"CILEUNGSI","desa":"MEKARSARI","Realisasi":"1,000,000,000"},
{"sts":"Dana Telah Dicairkan","kecamatan":"CILEUNGSI","desa":"PASIRANGIN","Realisasi":"600,000,000"},
{"sts":"Dana Telah Dicairkan","kecamatan":"CILEUNGSI","desa":"SITUSARI","Realisasi":"600,000,000"},
{"sts":"Dana Telah Dicairkan","kecamatan":"CIOMAS","desa":"CIAPUS","Realisasi":"1,000,000,000"},
{"sts":"Dana Telah Dicairkan","kecamatan":"CIOMAS","desa":"CIOMAS","Realisasi":"1,000,000,000"},
{"sts":"Dana Telah Dicairkan","kecamatan":"CIOMAS","desa":"CIOMAS RAHAYU","Realisasi":"750,000,000"},
{"sts":"Dana Telah Dicairkan","kecamatan":"CIOMAS","desa":"KOTA BATU","Realisasi":"1,000,000,000"},
{"sts":"Dana Telah Dicairkan","kecamatan":"CIOMAS","desa":"LALADON","Realisasi":"1,000,000,000"},
{"sts":"Dana Telah Dicairkan","kecamatan":"CIOMAS","desa":"MEKARJAYA","Realisasi":"600,000,000"},
{"sts":"Dana Telah Dicairkan","kecamatan":"CIOMAS","desa":"PAGELARAN","Realisasi":"1,000,000,000"},
{"sts":"Dana Telah Dicairkan","kecamatan":"CIOMAS","desa":"PARAKAN","Realisasi":"1,000,000,000"},
{"sts":"Dana Telah Dicairkan","kecamatan":"CIOMAS","desa":"SUKAHARJA","Realisasi":"600,000,000"},
{"sts":"Dana Telah Dicairkan","kecamatan":"CIOMAS","desa":"SUKAMAKMUR","Realisasi":"1,000,000,000"},
{"sts":"Dana Telah Dicairkan","kecamatan":"CISARUA","desa":"BATULAYANG","Realisasi":"600,000,000"},
{"sts":"Dana Telah Dicairkan","kecamatan":"CISARUA","desa":"CIBEUREUM","Realisasi":"600,000,000"},
{"sts":"Dana Telah Dicairkan","kecamatan":"CISARUA","desa":"CILEMBER","Realisasi":"1,000,000,000"},
{"sts":"Dana Telah Dicairkan","kecamatan":"CISARUA","desa":"CITEKO","Realisasi":"600,000,000"},
{"sts":"Dana Telah Dicairkan","kecamatan":"CISARUA","desa":"JOGJOGAN","Realisasi":"600,000,000"},
{"sts":"Dana Telah Dicairkan","kecamatan":"CISARUA","desa":"KOPO","Realisasi":"1,000,000,000"},
{"sts":"Dana Telah Dicairkan","kecamatan":"CISARUA","desa":"LEUWIMALANG","Realisasi":"600,000,000"},
{"sts":"Dana Telah Dicairkan","kecamatan":"CISARUA","desa":"TUGU SELATAN","Realisasi":"1,000,000,000"},
{"sts":"Dana Telah Dicairkan","kecamatan":"CISARUA","desa":"TUGU UTARA","Realisasi":"1,000,000,000"},
{"sts":"Dana Telah Dicairkan","kecamatan":"CISEENG","desa":"BABAKAN","Realisasi":"1,000,000,000"},
{"sts":"Dana Telah Dicairkan","kecamatan":"CISEENG","desa":"CIBENTANG","Realisasi":"1,000,000,000"},
{"sts":"Dana Telah Dicairkan","kecamatan":"CISEENG","desa":"CIBEUTEUNG  MUARA","Realisasi":"600,000,000"},
{"sts":"Dana Telah Dicairkan","kecamatan":"CISEENG","desa":"CIBEUTEUNG  UDIK","Realisasi":"999,800,000"},
{"sts":"Dana Telah Dicairkan","kecamatan":"CISEENG","desa":"CIHOE","Realisasi":"600,000,000"},
{"sts":"Dana Telah Dicairkan","kecamatan":"CISEENG","desa":"CISEENG","Realisasi":"999,209,500"},
{"sts":"Dana Telah Dicairkan","kecamatan":"CISEENG","desa":"KARIHKIL","Realisasi":"600,000,000"},
{"sts":"Dana Telah Dicairkan","kecamatan":"CISEENG","desa":"KURIPAN","Realisasi":"600,000,000"},
{"sts":"Dana Telah Dicairkan","kecamatan":"CISEENG","desa":"PARIGI MEKAR","Realisasi":"600,000,000"},
{"sts":"Dana Telah Dicairkan","kecamatan":"CISEENG","desa":"PUTAT NUTUG","Realisasi":"1,000,000,000"},
{"sts":"Dana Telah Dicairkan","kecamatan":"CITEUREUP","desa":"CITEUREUP","Realisasi":"600,000,000"},
{"sts":"Dana Telah Dicairkan","kecamatan":"CITEUREUP","desa":"GUNUNGSARI","Realisasi":"600,000,000"},
{"sts":"Dana Telah Dicairkan","kecamatan":"CITEUREUP","desa":"HAMBALANG","Realisasi":"1,000,000,000"},
{"sts":"Dana Telah Dicairkan","kecamatan":"CITEUREUP","desa":"KARANG ASEM TIMUR","Realisasi":"1,000,000,000"},
{"sts":"Dana Telah Dicairkan","kecamatan":"CITEUREUP","desa":"LEUWINUTUG","Realisasi":"600,000,000"},
{"sts":"Dana Telah Dicairkan","kecamatan":"CITEUREUP","desa":"PASIRMUKTI","Realisasi":"1,000,000,000"},
{"sts":"Dana Telah Dicairkan","kecamatan":"CITEUREUP","desa":"PUSPASARI","Realisasi":"1,000,000,000"},
{"sts":"Dana Telah Dicairkan","kecamatan":"CITEUREUP","desa":"SANJA","Realisasi":"600,000,000"},
{"sts":"Dana Telah Dicairkan","kecamatan":"CITEUREUP","desa":"SUKAHATI","Realisasi":"1,000,000,000"},
{"sts":"Dana Telah Dicairkan","kecamatan":"CITEUREUP","desa":"TAJUR","Realisasi":"1,000,000,000"},
{"sts":"Dana Telah Dicairkan","kecamatan":"CITEUREUP","desa":"TANGKIL","Realisasi":"600,000,000"},
{"sts":"Dana Telah Dicairkan","kecamatan":"CITEUREUP","desa":"TARIKOLOT","Realisasi":"600,000,000"},
{"sts":"Dana Telah Dicairkan","kecamatan":"DRAMAGA","desa":"BABAKAN","Realisasi":"1,000,000,000"},
{"sts":"Dana Telah Dicairkan","kecamatan":"DRAMAGA","desa":"CIHERANG","Realisasi":"1,000,000,000"},
{"sts":"Dana Telah Dicairkan","kecamatan":"DRAMAGA","desa":"CIKARAWANG","Realisasi":"1,000,000,000"},
{"sts":"Dana Telah Dicairkan","kecamatan":"DRAMAGA","desa":"DRAMAGA","Realisasi":"1,000,000,000"},
{"sts":"Dana Telah Dicairkan","kecamatan":"DRAMAGA","desa":"NEGLASARI","Realisasi":"1,000,000,000"},
{"sts":"Dana Telah Dicairkan","kecamatan":"DRAMAGA","desa":"PETIR","Realisasi":"1,000,000,000"},
{"sts":"Dana Telah Dicairkan","kecamatan":"DRAMAGA","desa":"PURWASARI","Realisasi":"1,000,000,000"},
{"sts":"Dana Telah Dicairkan","kecamatan":"DRAMAGA","desa":"SINARSARI","Realisasi":"600,000,000"},
{"sts":"Dana Telah Dicairkan","kecamatan":"DRAMAGA","desa":"SUKADAMAI","Realisasi":"1,000,000,000"},
{"sts":"Dana Telah Dicairkan","kecamatan":"DRAMAGA","desa":"SUKAWENING","Realisasi":"600,000,000"},
{"sts":"Dana Telah Dicairkan","kecamatan":"GUNUNG PUTRI","desa":"BOJONG KULUR","Realisasi":"600,000,000"},
{"sts":"Dana Telah Dicairkan","kecamatan":"GUNUNG PUTRI","desa":"CIANGSANA","Realisasi":"600,000,000"},
{"sts":"Dana Telah Dicairkan","kecamatan":"GUNUNG PUTRI","desa":"CICADAS","Realisasi":"600,000,000"},
{"sts":"Dana Telah Dicairkan","kecamatan":"GUNUNG PUTRI","desa":"CIKEAS UDIK","Realisasi":"600,000,000"},
{"sts":"Dana Telah Dicairkan","kecamatan":"GUNUNG PUTRI","desa":"GUNUNG PUTRI","Realisasi":"600,000,000"},
{"sts":"Dana Telah Dicairkan","kecamatan":"GUNUNG PUTRI","desa":"KARANGGAN","Realisasi":"600,000,000"},
{"sts":"Dana Telah Dicairkan","kecamatan":"GUNUNG PUTRI","desa":"NAGRAK","Realisasi":"1,000,000,000"},
{"sts":"Dana Telah Dicairkan","kecamatan":"GUNUNG PUTRI","desa":"WANAHERANG","Realisasi":"600,000,000"},
{"sts":"Dana Telah Dicairkan","kecamatan":"GUNUNG SINDUR","desa":"CIBADUNG","Realisasi":"513,324,000"},
{"sts":"Dana Telah Dicairkan","kecamatan":"GUNUNG SINDUR","desa":"CIBINONG","Realisasi":"600,000,000"},
{"sts":"Dana Telah Dicairkan","kecamatan":"GUNUNG SINDUR","desa":"CIDOKOM","Realisasi":"600,000,000"},
{"sts":"Dana Telah Dicairkan","kecamatan":"GUNUNG SINDUR","desa":"CURUG","Realisasi":"600,000,000"},
{"sts":"Dana Telah Dicairkan","kecamatan":"GUNUNG SINDUR","desa":"GUNUNGSINDUR","Realisasi":"541,500,000"},
{"sts":"Dana Telah Dicairkan","kecamatan":"GUNUNG SINDUR","desa":"JAMPANG","Realisasi":"600,000,000"},
{"sts":"Dana Telah Dicairkan","kecamatan":"GUNUNG SINDUR","desa":"PADURENAN","Realisasi":"600,000,000"},
{"sts":"Dana Telah Dicairkan","kecamatan":"GUNUNG SINDUR","desa":"PENGASINAN","Realisasi":"530,762,053"},
{"sts":"Dana Telah Dicairkan","kecamatan":"GUNUNG SINDUR","desa":"RAWAKALONG","Realisasi":"600,000,000"},
{"sts":"Dana Telah Dicairkan","kecamatan":"JASINGA","desa":"BAGOANG","Realisasi":"1,000,000,000"},
{"sts":"Dana Telah Dicairkan","kecamatan":"JASINGA","desa":"BARENGKOK","Realisasi":"1,000,000,000"},
{"sts":"Dana Telah Dicairkan","kecamatan":"JASINGA","desa":"CIKOPOMAYAK","Realisasi":"1,000,000,000"},
{"sts":"Dana Telah Dicairkan","kecamatan":"JASINGA","desa":"CURUG","Realisasi":"1,000,000,000"},
{"sts":"Dana Telah Dicairkan","kecamatan":"JASINGA","desa":"JASINGA","Realisasi":"1,000,000,000"},
{"sts":"Dana Telah Dicairkan","kecamatan":"JASINGA","desa":"JUGALA JAYA","Realisasi":"1,000,000,000"},
{"sts":"Dana Telah Dicairkan","kecamatan":"JASINGA","desa":"KALONGSAWAH","Realisasi":"600,000,000"},
{"sts":"Dana Telah Dicairkan","kecamatan":"JASINGA","desa":"KOLEANG","Realisasi":"1,000,000,000"},
{"sts":"Dana Telah Dicairkan","kecamatan":"JASINGA","desa":"NEGLASARI","Realisasi":"1,000,000,000"},
{"sts":"Dana Telah Dicairkan","kecamatan":"JASINGA","desa":"PAMAGERSARI","Realisasi":"1,000,000,000"},
{"sts":"Dana Telah Dicairkan","kecamatan":"JASINGA","desa":"PANGAUR","Realisasi":"1,000,000,000"},
{"sts":"Dana Telah Dicairkan","kecamatan":"JASINGA","desa":"PANGRADIN","Realisasi":"1,000,000,000"},
{"sts":"Dana Telah Dicairkan","kecamatan":"JASINGA","desa":"SETU","Realisasi":"1,000,000,000"},
{"sts":"Dana Telah Dicairkan","kecamatan":"JASINGA","desa":"SIPAK","Realisasi":"1,000,000,000"},
{"sts":"Dana Telah Dicairkan","kecamatan":"JASINGA","desa":"TEGALWANGI","Realisasi":"1,000,000,000"},
{"sts":"Dana Telah Dicairkan","kecamatan":"JASINGA","desa":"WIRAJAYA","Realisasi":"1,000,000,000"},
{"sts":"Dana Telah Dicairkan","kecamatan":"JONGGOL","desa":"BALEKAMBANG","Realisasi":"1,000,000,000"},
{"sts":"Dana Telah Dicairkan","kecamatan":"JONGGOL","desa":"BENDUNGAN","Realisasi":"1,000,000,000"},
{"sts":"Dana Telah Dicairkan","kecamatan":"JONGGOL","desa":"CIBODAS","Realisasi":"1,000,000,000"},
{"sts":"Dana Telah Dicairkan","kecamatan":"JONGGOL","desa":"JONGGOL","Realisasi":"1,000,000,000"},
{"sts":"Dana Telah Dicairkan","kecamatan":"JONGGOL","desa":"SINGAJAYA","Realisasi":"600,000,000"},
{"sts":"Dana Telah Dicairkan","kecamatan":"JONGGOL","desa":"SINGASARI","Realisasi":"1,000,000,000"},
{"sts":"Dana Telah Dicairkan","kecamatan":"JONGGOL","desa":"SIRNAGALIH","Realisasi":"600,000,000"},
{"sts":"Dana Telah Dicairkan","kecamatan":"JONGGOL","desa":"SUKAGALIH","Realisasi":"1,000,000,000"},
{"sts":"Dana Telah Dicairkan","kecamatan":"JONGGOL","desa":"SUKAJAYA","Realisasi":"600,000,000"},
{"sts":"Dana Telah Dicairkan","kecamatan":"JONGGOL","desa":"SUKAMAJU","Realisasi":"1,000,000,000"},
{"sts":"Dana Telah Dicairkan","kecamatan":"JONGGOL","desa":"SUKAMANAH","Realisasi":"600,000,000"},
{"sts":"Dana Telah Dicairkan","kecamatan":"JONGGOL","desa":"SUKANEGARA","Realisasi":"600,000,000"},
{"sts":"Dana Telah Dicairkan","kecamatan":"JONGGOL","desa":"SUKASIRNA","Realisasi":"600,000,000"},
{"sts":"Dana Telah Dicairkan","kecamatan":"JONGGOL","desa":"WENINGGALIH","Realisasi":"600,000,000"},
{"sts":"Dana Telah Dicairkan","kecamatan":"KEMANG","desa":"BOJONG","Realisasi":"600,000,000"},
{"sts":"Dana Telah Dicairkan","kecamatan":"KEMANG","desa":"JAMPANG","Realisasi":"450,000,000"},
{"sts":"Dana Telah Dicairkan","kecamatan":"KEMANG","desa":"KEMANG","Realisasi":"600,000,000"},
{"sts":"Dana Telah Dicairkan","kecamatan":"KEMANG","desa":"PABUARAN","Realisasi":"600,000,000"},
{"sts":"Dana Telah Dicairkan","kecamatan":"KEMANG","desa":"PARAKANJAYA","Realisasi":"1,000,000,000"},
{"sts":"Dana Telah Dicairkan","kecamatan":"KEMANG","desa":"PONDOK UDIK","Realisasi":"1,000,000,000"},
{"sts":"Dana Telah Dicairkan","kecamatan":"KEMANG","desa":"SEMPLAK BARAT","Realisasi":"600,000,000"},
{"sts":"Dana Telah Dicairkan","kecamatan":"KEMANG","desa":"TEGAL","Realisasi":"1,000,000,000"},
{"sts":"Dana Telah Dicairkan","kecamatan":"KLAPANUNGGAL","desa":"BANTAR JATI","Realisasi":"600,000,000"},
{"sts":"Dana Telah Dicairkan","kecamatan":"KLAPANUNGGAL","desa":"BOJONG","Realisasi":"600,000,000"},
{"sts":"Dana Telah Dicairkan","kecamatan":"KLAPANUNGGAL","desa":"CIKAHURIPAN","Realisasi":"573,768,000"},
{"sts":"Dana Telah Dicairkan","kecamatan":"KLAPANUNGGAL","desa":"KEMBANG KUNING","Realisasi":"600,000,000"},
{"sts":"Dana Telah Dicairkan","kecamatan":"KLAPANUNGGAL","desa":"KLAPANUNGGAL","Realisasi":"589,119,176"},
{"sts":"Dana Telah Dicairkan","kecamatan":"KLAPANUNGGAL","desa":"LEUWIKARET","Realisasi":"1,000,000,000"},
{"sts":"Dana Telah Dicairkan","kecamatan":"KLAPANUNGGAL","desa":"LIGARMUKTI","Realisasi":"600,000,000"},
{"sts":"Dana Telah Dicairkan","kecamatan":"KLAPANUNGGAL","desa":"LULUT","Realisasi":"1,000,000,000"},
{"sts":"Dana Telah Dicairkan","kecamatan":"KLAPANUNGGAL","desa":"NAMBO","Realisasi":"600,000,000"},
{"sts":"Dana Telah Dicairkan","kecamatan":"LEUWILIANG","desa":"BARENGKOK","Realisasi":"600,000,000"},
{"sts":"Dana Telah Dicairkan","kecamatan":"LEUWILIANG","desa":"CIBEBER I","Realisasi":"600,000,000"},
{"sts":"Dana Telah Dicairkan","kecamatan":"LEUWILIANG","desa":"CIBEBER II","Realisasi":"1,000,000,000"},
{"sts":"Dana Telah Dicairkan","kecamatan":"LEUWILIANG","desa":"KARACAK","Realisasi":"1,000,000,000"},
{"sts":"Dana Telah Dicairkan","kecamatan":"LEUWILIANG","desa":"KAREHKEL","Realisasi":"1,000,000,000"},
{"sts":"Dana Telah Dicairkan","kecamatan":"LEUWILIANG","desa":"KARYASARI","Realisasi":"1,000,000,000"},
{"sts":"Dana Telah Dicairkan","kecamatan":"LEUWILIANG","desa":"LEUWILIANG","Realisasi":"1,000,000,000"},
{"sts":"Dana Telah Dicairkan","kecamatan":"LEUWILIANG","desa":"LEUWIMEKAR","Realisasi":"1,000,000,000"},
{"sts":"Dana Telah Dicairkan","kecamatan":"LEUWILIANG","desa":"PABANGBON","Realisasi":"1,000,000,000"},
{"sts":"Dana Telah Dicairkan","kecamatan":"LEUWILIANG","desa":"PURASARI","Realisasi":"1,000,000,000"},
{"sts":"Dana Telah Dicairkan","kecamatan":"LEUWILIANG","desa":"PURASEDA","Realisasi":"1,000,000,000"},
{"sts":"Dana Telah Dicairkan","kecamatan":"LEUWISADENG","desa":"BABAKAN SADENG","Realisasi":"600,000,000"},
{"sts":"Dana Telah Dicairkan","kecamatan":"LEUWISADENG","desa":"KALONG I","Realisasi":"1,000,000,000"},
{"sts":"Dana Telah Dicairkan","kecamatan":"LEUWISADENG","desa":"KALONG II","Realisasi":"1,000,000,000"},
{"sts":"Dana Telah Dicairkan","kecamatan":"LEUWISADENG","desa":"LEUWISADENG","Realisasi":"600,000,000"},
{"sts":"Dana Telah Dicairkan","kecamatan":"LEUWISADENG","desa":"SADENG","Realisasi":"1,000,000,000"},
{"sts":"Dana Telah Dicairkan","kecamatan":"LEUWISADENG","desa":"SADENG KOLOT","Realisasi":"1,000,000,000"},
{"sts":"Dana Telah Dicairkan","kecamatan":"LEUWISADENG","desa":"SIBANTENG","Realisasi":"1,000,000,000"},
{"sts":"Dana Telah Dicairkan","kecamatan":"LEUWISADENG","desa":"WANGUNJAYA","Realisasi":"1,000,000,000"},
{"sts":"Dana Telah Dicairkan","kecamatan":"MEGAMENDUNG","desa":"CIPAYUNG","Realisasi":"600,000,000"},
{"sts":"Dana Telah Dicairkan","kecamatan":"MEGAMENDUNG","desa":"CIPAYUNG GIRANG","Realisasi":"1,000,000,000"},
{"sts":"Dana Telah Dicairkan","kecamatan":"MEGAMENDUNG","desa":"GADOG","Realisasi":"1,000,000,000"},
{"sts":"Dana Telah Dicairkan","kecamatan":"MEGAMENDUNG","desa":"KUTA","Realisasi":"600,000,000"},
{"sts":"Dana Telah Dicairkan","kecamatan":"MEGAMENDUNG","desa":"MEGAMENDUNG","Realisasi":"600,000,000"},
{"sts":"Dana Telah Dicairkan","kecamatan":"MEGAMENDUNG","desa":"PASIR ANGIN","Realisasi":"1,000,000,000"},
{"sts":"Dana Telah Dicairkan","kecamatan":"MEGAMENDUNG","desa":"SUKAGALIH","Realisasi":"1,000,000,000"},
{"sts":"Dana Telah Dicairkan","kecamatan":"MEGAMENDUNG","desa":"SUKAKARYA","Realisasi":"1,000,000,000"},
{"sts":"Dana Telah Dicairkan","kecamatan":"MEGAMENDUNG","desa":"SUKAMAHI","Realisasi":"1,000,000,000"},
{"sts":"Dana Telah Dicairkan","kecamatan":"MEGAMENDUNG","desa":"SUKAMAJU","Realisasi":"1,000,000,000"},
{"sts":"Dana Telah Dicairkan","kecamatan":"MEGAMENDUNG","desa":"SUKAMANAH","Realisasi":"600,000,000"},
{"sts":"Dana Telah Dicairkan","kecamatan":"MEGAMENDUNG","desa":"SUKARESMI","Realisasi":"600,000,000"},
{"sts":"Dana Telah Dicairkan","kecamatan":"NANGGUNG","desa":"BANTARKARET","Realisasi":"600,000,000"},
{"sts":"Dana Telah Dicairkan","kecamatan":"NANGGUNG","desa":"BATU TULIS","Realisasi":"600,000,000"},
{"sts":"Dana Telah Dicairkan","kecamatan":"NANGGUNG","desa":"CISARUA","Realisasi":"1,000,000,000"},
{"sts":"Dana Telah Dicairkan","kecamatan":"NANGGUNG","desa":"CURUGBITUNG","Realisasi":"600,000,000"},
{"sts":"Dana Telah Dicairkan","kecamatan":"NANGGUNG","desa":"HAMBARO","Realisasi":"600,000,000"},
{"sts":"Dana Telah Dicairkan","kecamatan":"NANGGUNG","desa":"KALONGLIUD","Realisasi":"1,000,000,000"},
{"sts":"Dana Telah Dicairkan","kecamatan":"NANGGUNG","desa":"MALASARI","Realisasi":"600,000,000"},
{"sts":"Dana Telah Dicairkan","kecamatan":"NANGGUNG","desa":"NANGGUNG","Realisasi":"600,000,000"},
{"sts":"Dana Telah Dicairkan","kecamatan":"NANGGUNG","desa":"PANGKALJAYA","Realisasi":"600,000,000"},
{"sts":"Dana Telah Dicairkan","kecamatan":"NANGGUNG","desa":"PARAKANMUNCANG","Realisasi":"1,000,000,000"},
{"sts":"Dana Telah Dicairkan","kecamatan":"NANGGUNG","desa":"SUKALUYU","Realisasi":"600,000,000"},
{"sts":"Dana Telah Dicairkan","kecamatan":"PAMIJAHAN","desa":"CIASIHAN","Realisasi":"1,000,000,000"},
{"sts":"Dana Telah Dicairkan","kecamatan":"PAMIJAHAN","desa":"CIASMARA","Realisasi":"1,000,000,000"},
{"sts":"Dana Telah Dicairkan","kecamatan":"PAMIJAHAN","desa":"CIBENING","Realisasi":"596,200,800"},
{"sts":"Dana Telah Dicairkan","kecamatan":"PAMIJAHAN","desa":"CIBITUNG KULON","Realisasi":"1,000,000,000"},
{"sts":"Dana Telah Dicairkan","kecamatan":"PAMIJAHAN","desa":"CIBITUNGWETAN","Realisasi":"600,000,000"},
{"sts":"Dana Telah Dicairkan","kecamatan":"PAMIJAHAN","desa":"CIBUNIAN","Realisasi":"600,000,000"},
{"sts":"Dana Telah Dicairkan","kecamatan":"PAMIJAHAN","desa":"CIMAYANG","Realisasi":"600,000,000"},
{"sts":"Dana Telah Dicairkan","kecamatan":"PAMIJAHAN","desa":"GUNUNG PICUNG","Realisasi":"600,000,000"},
{"sts":"Dana Telah Dicairkan","kecamatan":"PAMIJAHAN","desa":"GUNUNGBUNDER I","Realisasi":"600,000,000"},
{"sts":"Dana Telah Dicairkan","kecamatan":"PAMIJAHAN","desa":"GUNUNGBUNDER II","Realisasi":"600,000,000"},
{"sts":"Dana Telah Dicairkan","kecamatan":"PAMIJAHAN","desa":"GUNUNGMENYAN","Realisasi":"600,000,000"},
{"sts":"Dana Telah Dicairkan","kecamatan":"PAMIJAHAN","desa":"GUNUNGSARI","Realisasi":"600,000,000"},
{"sts":"Dana Telah Dicairkan","kecamatan":"PAMIJAHAN","desa":"PAMIJAHAN","Realisasi":"600,000,000"},
{"sts":"Dana Telah Dicairkan","kecamatan":"PAMIJAHAN","desa":"PASAREAN","Realisasi":"1,000,000,000"},
{"sts":"Dana Telah Dicairkan","kecamatan":"PAMIJAHAN","desa":"PURWABAKTI","Realisasi":"1,000,000,000"},
{"sts":"Dana Telah Dicairkan","kecamatan":"PARUNG","desa":"BOJONGINDAH","Realisasi":"600,000,000"},
{"sts":"Dana Telah Dicairkan","kecamatan":"PARUNG","desa":"BOJONGSEMPU","Realisasi":"600,000,000"},
{"sts":"Dana Telah Dicairkan","kecamatan":"PARUNG","desa":"COGREG","Realisasi":"600,000,000"},
{"sts":"Dana Telah Dicairkan","kecamatan":"PARUNG","desa":"IWUL","Realisasi":"600,000,000"},
{"sts":"Dana Telah Dicairkan","kecamatan":"PARUNG","desa":"JABONMEKAR","Realisasi":"600,000,000"},
{"sts":"Dana Telah Dicairkan","kecamatan":"PARUNG","desa":"PAMEGARSARI","Realisasi":"600,000,000"},
{"sts":"Dana Telah Dicairkan","kecamatan":"PARUNG","desa":"PARUNG","Realisasi":"600,000,000"},
{"sts":"Dana Telah Dicairkan","kecamatan":"PARUNG","desa":"WARU","Realisasi":"600,000,000"},
{"sts":"Dana Telah Dicairkan","kecamatan":"PARUNG","desa":"WARUJAYA","Realisasi":"600,000,000"},
{"sts":"Dana Telah Dicairkan","kecamatan":"PARUNG PANJANG","desa":"CIBUNAR","Realisasi":"1,000,000,000"},
{"sts":"Dana Telah Dicairkan","kecamatan":"PARUNG PANJANG","desa":"CIKUDA","Realisasi":"600,000,000"},
{"sts":"Dana Telah Dicairkan","kecamatan":"PARUNG PANJANG","desa":"DAGO","Realisasi":"600,000,000"},
{"sts":"Dana Telah Dicairkan","kecamatan":"PARUNG PANJANG","desa":"GINTUNGCILEJET","Realisasi":"600,000,000"},
{"sts":"Dana Telah Dicairkan","kecamatan":"PARUNG PANJANG","desa":"GOROWONG","Realisasi":"1,000,000,000"},
{"sts":"Dana Telah Dicairkan","kecamatan":"PARUNG PANJANG","desa":"JAGABAYA","Realisasi":"1,000,000,000"},
{"sts":"Dana Telah Dicairkan","kecamatan":"PARUNG PANJANG","desa":"JAGABITA","Realisasi":"1,000,000,000"},
{"sts":"Dana Telah Dicairkan","kecamatan":"PARUNG PANJANG","desa":"KABASIRAN","Realisasi":"1,000,000,000"},
{"sts":"Dana Telah Dicairkan","kecamatan":"PARUNG PANJANG","desa":"LUMPANG","Realisasi":"1,000,000,000"},
{"sts":"Dana Telah Dicairkan","kecamatan":"PARUNG PANJANG","desa":"PARUNGPANJANG","Realisasi":"600,000,000"},
{"sts":"Dana Telah Dicairkan","kecamatan":"PARUNG PANJANG","desa":"PINGKU","Realisasi":"600,000,000"},
{"sts":"Dana Telah Dicairkan","kecamatan":"RANCA BUNGUR","desa":"BANTARJAYA","Realisasi":"600,000,000"},
{"sts":"Dana Telah Dicairkan","kecamatan":"RANCA BUNGUR","desa":"BANTARSARI","Realisasi":"600,000,000"},
{"sts":"Dana Telah Dicairkan","kecamatan":"RANCA BUNGUR","desa":"CANDALI","Realisasi":"600,000,000"},
{"sts":"Dana Telah Dicairkan","kecamatan":"RANCA BUNGUR","desa":"CIMULANG","Realisasi":"598,800,000"},
{"sts":"Dana Telah Dicairkan","kecamatan":"RANCA BUNGUR","desa":"MEKARSARI","Realisasi":"600,000,000"},
{"sts":"Dana Telah Dicairkan","kecamatan":"RANCA BUNGUR","desa":"PASIRGAOK","Realisasi":"600,000,000"},
{"sts":"Dana Telah Dicairkan","kecamatan":"RANCA BUNGUR","desa":"RANCABUNGUR","Realisasi":"1,000,000,000"},
{"sts":"Dana Telah Dicairkan","kecamatan":"RUMPIN","desa":"CIBODAS","Realisasi":"600,000,000"},
{"sts":"Dana Telah Dicairkan","kecamatan":"RUMPIN","desa":"CIDOKOM","Realisasi":"600,000,000"},
{"sts":"Dana Telah Dicairkan","kecamatan":"RUMPIN","desa":"CIPINANG","Realisasi":"1,000,000,000"},
{"sts":"Dana Telah Dicairkan","kecamatan":"RUMPIN","desa":"GOBANG","Realisasi":"600,000,000"},
{"sts":"Dana Telah Dicairkan","kecamatan":"RUMPIN","desa":"KAMPUNGSAWAH","Realisasi":"600,000,000"},
{"sts":"Dana Telah Dicairkan","kecamatan":"RUMPIN","desa":"KERTAJAYA","Realisasi":"1,000,000,000"},
{"sts":"Dana Telah Dicairkan","kecamatan":"RUMPIN","desa":"LEUWIBATU","Realisasi":"600,000,000"},
{"sts":"Dana Telah Dicairkan","kecamatan":"RUMPIN","desa":"MEKARJAYA","Realisasi":"600,000,000"},
{"sts":"Dana Telah Dicairkan","kecamatan":"RUMPIN","desa":"MEKARSARI","Realisasi":"600,000,000"},
{"sts":"Dana Telah Dicairkan","kecamatan":"RUMPIN","desa":"RABAK","Realisasi":"600,000,000"},
{"sts":"Dana Telah Dicairkan","kecamatan":"RUMPIN","desa":"RUMPIN","Realisasi":"600,000,000"},
{"sts":"Dana Telah Dicairkan","kecamatan":"RUMPIN","desa":"SUKAMULYA","Realisasi":"600,000,000"},
{"sts":"Dana Telah Dicairkan","kecamatan":"RUMPIN","desa":"SUKASARI","Realisasi":"600,000,000"},
{"sts":"Dana Telah Dicairkan","kecamatan":"RUMPIN","desa":"TAMANSARI","Realisasi":"1,000,000,000"},
{"sts":"Dana Telah Dicairkan","kecamatan":"SUKAJAYA","desa":"CILEUKSA","Realisasi":"1,000,000,000"},
{"sts":"Dana Telah Dicairkan","kecamatan":"SUKAJAYA","desa":"CISARUA","Realisasi":"1,000,000,000"},
{"sts":"Dana Telah Dicairkan","kecamatan":"SUKAJAYA","desa":"HARKATJAYA","Realisasi":"1,000,000,000"},
{"sts":"Dana Telah Dicairkan","kecamatan":"SUKAJAYA","desa":"JAYARAHARJA","Realisasi":"1,000,000,000"},
{"sts":"Dana Telah Dicairkan","kecamatan":"SUKAJAYA","desa":"KIARAPANDAK","Realisasi":"1,000,000,000"},
{"sts":"Dana Telah Dicairkan","kecamatan":"SUKAJAYA","desa":"KIARASARI","Realisasi":"1,000,000,000"},
{"sts":"Dana Telah Dicairkan","kecamatan":"SUKAJAYA","desa":"PASIR MADANG","Realisasi":"1,000,000,000"},
{"sts":"Dana Telah Dicairkan","kecamatan":"SUKAJAYA","desa":"SIPAYUNG","Realisasi":"1,000,000,000"},
{"sts":"Dana Telah Dicairkan","kecamatan":"SUKAJAYA","desa":"SUKAJAYA","Realisasi":"600,000,000"},
{"sts":"Dana Telah Dicairkan","kecamatan":"SUKAJAYA","desa":"SUKAMULIH","Realisasi":"1,000,000,000"},
{"sts":"Dana Telah Dicairkan","kecamatan":"SUKAJAYA","desa":"URUG","Realisasi":"1,000,000,000"},
{"sts":"Dana Telah Dicairkan","kecamatan":"SUKAMAKMUR","desa":"CIBADAK","Realisasi":"1,000,000,000"},
{"sts":"Dana Telah Dicairkan","kecamatan":"SUKAMAKMUR","desa":"PABUARAN","Realisasi":"1,000,000,000"},
{"sts":"Dana Telah Dicairkan","kecamatan":"SUKAMAKMUR","desa":"SIRNAJAYA","Realisasi":"1,000,000,000"},
{"sts":"Dana Telah Dicairkan","kecamatan":"SUKAMAKMUR","desa":"SUKADAMAI","Realisasi":"1,000,000,000"},
{"sts":"Dana Telah Dicairkan","kecamatan":"SUKAMAKMUR","desa":"SUKAHARJA","Realisasi":"1,000,000,000"},
{"sts":"Dana Telah Dicairkan","kecamatan":"SUKAMAKMUR","desa":"SUKAMAKMUR","Realisasi":"1,000,000,000"},
{"sts":"Dana Telah Dicairkan","kecamatan":"SUKAMAKMUR","desa":"SUKAMULYA","Realisasi":"1,000,000,000"},
{"sts":"Dana Telah Dicairkan","kecamatan":"SUKAMAKMUR","desa":"SUKARESMI","Realisasi":"600,000,000"},
{"sts":"Dana Telah Dicairkan","kecamatan":"SUKAMAKMUR","desa":"SUKAWANGI","Realisasi":"600,000,000"},
{"sts":"Dana Telah Dicairkan","kecamatan":"SUKAMAKMUR","desa":"WARGAJAYA","Realisasi":"1,000,000,000"},
{"sts":"Dana Telah Dicairkan","kecamatan":"SUKARAJA","desa":"CADASNGAMPAR","Realisasi":"1,000,000,000"},
{"sts":"Dana Telah Dicairkan","kecamatan":"SUKARAJA","desa":"CIBANON","Realisasi":"150,000,000"},
{"sts":"Dana Telah Dicairkan","kecamatan":"SUKARAJA","desa":"CIJUJUNG","Realisasi":"600,000,000"},
{"sts":"Dana Telah Dicairkan","kecamatan":"SUKARAJA","desa":"CIKEAS","Realisasi":"542,179,800"},
{"sts":"Dana Telah Dicairkan","kecamatan":"SUKARAJA","desa":"CILEBUT BARAT","Realisasi":"600,000,000"},
{"sts":"Dana Telah Dicairkan","kecamatan":"SUKARAJA","desa":"CILEBUT TIMUR","Realisasi":"600,000,000"},
{"sts":"Dana Telah Dicairkan","kecamatan":"SUKARAJA","desa":"CIMANDALA","Realisasi":"600,000,000"},
{"sts":"Dana Telah Dicairkan","kecamatan":"SUKARAJA","desa":"GUNUNGGEULIS","Realisasi":"928,580,000"},
{"sts":"Dana Telah Dicairkan","kecamatan":"SUKARAJA","desa":"NAGRAK","Realisasi":"600,000,000"},
{"sts":"Dana Telah Dicairkan","kecamatan":"SUKARAJA","desa":"PASIR JAMBU","Realisasi":"600,000,000"},
{"sts":"Dana Telah Dicairkan","kecamatan":"SUKARAJA","desa":"PASIRLAJA","Realisasi":"600,000,000"},
{"sts":"Dana Telah Dicairkan","kecamatan":"SUKARAJA","desa":"SUKARAJA","Realisasi":"901,636,000"},
{"sts":"Dana Telah Dicairkan","kecamatan":"SUKARAJA","desa":"SUKATANI","Realisasi":"600,000,000"},
{"sts":"Dana Telah Dicairkan","kecamatan":"TAJURHALANG","desa":"CITAYAM","Realisasi":"600,000,000"},
{"sts":"Dana Telah Dicairkan","kecamatan":"TAJURHALANG","desa":"KALISUREN","Realisasi":"600,000,000"},
{"sts":"Dana Telah Dicairkan","kecamatan":"TAJURHALANG","desa":"NANGGERANG","Realisasi":"428,574,000"},
{"sts":"Dana Telah Dicairkan","kecamatan":"TAJURHALANG","desa":"SASAK PANJANG","Realisasi":"600,000,000"},
{"sts":"Dana Telah Dicairkan","kecamatan":"TAJURHALANG","desa":"SUKMAJAYA","Realisasi":"600,000,000"},
{"sts":"Dana Telah Dicairkan","kecamatan":"TAJURHALANG","desa":"TAJURHALANG","Realisasi":"600,000,000"},
{"sts":"Dana Telah Dicairkan","kecamatan":"TAJURHALANG","desa":"TONJONG","Realisasi":"600,000,000"},
{"sts":"Dana Telah Dicairkan","kecamatan":"TAMANSARI","desa":"PASIREURIH","Realisasi":"150,000,000"},
{"sts":"Dana Telah Dicairkan","kecamatan":"TAMANSARI","desa":"SIRNAGALIH","Realisasi":"600,000,000"},
{"sts":"Dana Telah Dicairkan","kecamatan":"TAMANSARI","desa":"SUKAJADI","Realisasi":"600,000,000"},
{"sts":"Dana Telah Dicairkan","kecamatan":"TAMANSARI","desa":"SUKAJAYA","Realisasi":"600,000,000"},
{"sts":"Dana Telah Dicairkan","kecamatan":"TAMANSARI","desa":"SUKALUYU","Realisasi":"600,000,000"},
{"sts":"Dana Telah Dicairkan","kecamatan":"TAMANSARI","desa":"SUKAMANTRI","Realisasi":"1,000,000,000"},
{"sts":"Dana Telah Dicairkan","kecamatan":"TAMANSARI","desa":"SUKARESMI","Realisasi":"600,000,000"},
{"sts":"Dana Telah Dicairkan","kecamatan":"TAMANSARI","desa":"TAMANSARI","Realisasi":"1,000,000,000"},
{"sts":"Dana Telah Dicairkan","kecamatan":"TANJUNGSARI","desa":"ANTAJAYA","Realisasi":"600,000,000"},
{"sts":"Dana Telah Dicairkan","kecamatan":"TANJUNGSARI","desa":"BUANAJAYA","Realisasi":"1,000,000,000"},
{"sts":"Dana Telah Dicairkan","kecamatan":"TANJUNGSARI","desa":"CIBADAK","Realisasi":"1,000,000,000"},
{"sts":"Dana Telah Dicairkan","kecamatan":"TANJUNGSARI","desa":"PASIR TANJUNG","Realisasi":"1,000,000,000"},
{"sts":"Dana Telah Dicairkan","kecamatan":"TANJUNGSARI","desa":"SELAWANGI","Realisasi":"600,000,000"},
{"sts":"Dana Telah Dicairkan","kecamatan":"TANJUNGSARI","desa":"SIRNARASA","Realisasi":"1,000,000,000"},
{"sts":"Dana Telah Dicairkan","kecamatan":"TANJUNGSARI","desa":"SIRNASARI","Realisasi":"1,000,000,000"},
{"sts":"Dana Telah Dicairkan","kecamatan":"TANJUNGSARI","desa":"SUKARASA","Realisasi":"1,000,000,000"},
{"sts":"Dana Telah Dicairkan","kecamatan":"TANJUNGSARI","desa":"TANJUNGRASA","Realisasi":"1,000,000,000"},
{"sts":"Dana Telah Dicairkan","kecamatan":"TANJUNGSARI","desa":"TANJUNGSARI","Realisasi":"600,000,000"},
{"sts":"Dana Telah Dicairkan","kecamatan":"TENJO","desa":"BABAKAN","Realisasi":"1,000,000,000"},
{"sts":"Dana Telah Dicairkan","kecamatan":"TENJO","desa":"BATOK","Realisasi":"1,000,000,000"},
{"sts":"Dana Telah Dicairkan","kecamatan":"TENJO","desa":"BOJONG","Realisasi":"1,000,000,000"},
{"sts":"Dana Telah Dicairkan","kecamatan":"TENJO","desa":"CILAKU","Realisasi":"950,000,000"},
{"sts":"Dana Telah Dicairkan","kecamatan":"TENJO","desa":"CIOMAS","Realisasi":"1,000,000,000"},
{"sts":"Dana Telah Dicairkan","kecamatan":"TENJO","desa":"SINGABANGSA","Realisasi":"1,000,000,000"},
{"sts":"Dana Telah Dicairkan","kecamatan":"TENJO","desa":"SINGABRAJA","Realisasi":"1,000,000,000"},
{"sts":"Dana Telah Dicairkan","kecamatan":"TENJO","desa":"TAPOS","Realisasi":"1,000,000,000"},
{"sts":"Dana Telah Dicairkan","kecamatan":"TENJO","desa":"TENJO","Realisasi":"1,000,000,000"},
{"sts":"Dana Telah Dicairkan","kecamatan":"TENJOLAYA","desa":"CIBITUNG TENGAH","Realisasi":"1,000,000,000"},
{"sts":"Dana Telah Dicairkan","kecamatan":"TENJOLAYA","desa":"CINANGNENG","Realisasi":"1,000,000,000"},
{"sts":"Dana Telah Dicairkan","kecamatan":"TENJOLAYA","desa":"GUNUNG MALANG","Realisasi":"600,000,000"},
{"sts":"Dana Telah Dicairkan","kecamatan":"TENJOLAYA","desa":"GUNUNG MULYA","Realisasi":"1,000,000,000"},
{"sts":"Dana Telah Dicairkan","kecamatan":"TENJOLAYA","desa":"SITUDAUN","Realisasi":"1,000,000,000"},
{"sts":"Dana Telah Dicairkan","kecamatan":"TENJOLAYA","desa":"TAPOS I","Realisasi":"1,000,000,000"},
{"sts":"Dana Telah Dicairkan","kecamatan":"TENJOLAYA","desa":"TAPOS II","Realisasi":"600,000,000"},
{"sts":"Dikembalikan ke Desa","kecamatan":"BABAKAN MADANG","desa":"BOJONG KONENG","Realisasi":"323,688,000"},
{"sts":"Dikembalikan ke Desa","kecamatan":"BABAKAN MADANG","desa":"CITARINGGUL","Realisasi":"193,198,000"},
{"sts":"Dikembalikan ke Desa","kecamatan":"BABAKAN MADANG","desa":"KADUMANGGU","Realisasi":"318,800,000"},
{"sts":"Dikembalikan ke Desa","kecamatan":"BABAKAN MADANG","desa":"SENTUL","Realisasi":"298,400,000"},
{"sts":"Dikembalikan ke Desa","kecamatan":"BOJONG GEDE","desa":"SUSUKAN","Realisasi":"600,000,000"},
{"sts":"Dikembalikan ke Desa","kecamatan":"CIAMPEA","desa":"BOJONGJENGKOL","Realisasi":"400,000,000"},
{"sts":"Dikembalikan ke Desa","kecamatan":"CIAMPEA","desa":"CIBUNTU","Realisasi":"400,000,000"},
{"sts":"Dikembalikan ke Desa","kecamatan":"CIAMPEA","desa":"CIHIDEUNGUDIK","Realisasi":"400,000,000"},
{"sts":"Dikembalikan ke Desa","kecamatan":"CIAMPEA","desa":"CINANGKA","Realisasi":"400,000,000"},
{"sts":"Dikembalikan ke Desa","kecamatan":"CIAWI","desa":"BENDUNGAN","Realisasi":"255,549,600"},
{"sts":"Dikembalikan ke Desa","kecamatan":"CIBUNGBULANG","desa":"CIMANGGU II","Realisasi":"400,000,000"},
{"sts":"Dikembalikan ke Desa","kecamatan":"CILEUNGSI","desa":"JATISARI","Realisasi":"400,000,000"},
{"sts":"Dikembalikan ke Desa","kecamatan":"CIOMAS","desa":"MEKARJAYA","Realisasi":"400,000,000"},
{"sts":"Dikembalikan ke Desa","kecamatan":"CIOMAS","desa":"SUKAHARJA","Realisasi":"400,000,000"},
{"sts":"Dikembalikan ke Desa","kecamatan":"CITEUREUP","desa":"GUNUNGSARI","Realisasi":"400,000,000"},
{"sts":"Dikembalikan ke Desa","kecamatan":"DRAMAGA","desa":"SINARSARI","Realisasi":"400,000,000"},
{"sts":"Dikembalikan ke Desa","kecamatan":"JONGGOL","desa":"SIRNAGALIH","Realisasi":"400,000,000"},
{"sts":"Dikembalikan ke Desa","kecamatan":"LEUWILIANG","desa":"CIBEBER I","Realisasi":"400,000,000"},
{"sts":"Dikembalikan ke Desa","kecamatan":"MEGAMENDUNG","desa":"SUKARESMI","Realisasi":"400,000,000"},
{"sts":"Dikembalikan ke Desa","kecamatan":"NANGGUNG","desa":"BANTARKARET","Realisasi":"400,000,000"},
{"sts":"Dikembalikan ke Desa","kecamatan":"NANGGUNG","desa":"CURUGBITUNG","Realisasi":"400,000,000"},
{"sts":"Dikembalikan ke Desa","kecamatan":"NANGGUNG","desa":"PANGKALJAYA","Realisasi":"400,000,000"},
{"sts":"Dikembalikan ke Desa","kecamatan":"PAMIJAHAN","desa":"CIBITUNGWETAN","Realisasi":"400,000,000"},
{"sts":"Dikembalikan ke Desa","kecamatan":"PARUNG PANJANG","desa":"CIKUDA","Realisasi":"400,000,000"},
{"sts":"Dikembalikan ke Desa","kecamatan":"PARUNG PANJANG","desa":"GINTUNGCILEJET","Realisasi":"400,000,000"},
{"sts":"Dikembalikan ke Desa","kecamatan":"PARUNG PANJANG","desa":"PARUNGPANJANG","Realisasi":"400,000,000"},
{"sts":"Dikembalikan ke Desa","kecamatan":"PARUNG PANJANG","desa":"PINGKU","Realisasi":"400,000,000"},
{"sts":"Dikembalikan ke Desa","kecamatan":"RUMPIN","desa":"GOBANG","Realisasi":"400,000,000"},
{"sts":"Dikembalikan ke Desa","kecamatan":"RUMPIN","desa":"RUMPIN","Realisasi":"400,000,000"},
{"sts":"Dikembalikan ke Desa","kecamatan":"RUMPIN","desa":"SUKASARI","Realisasi":"400,000,000"},
{"sts":"Dikembalikan ke Desa","kecamatan":"SUKARAJA","desa":"CILEBUT TIMUR","Realisasi":"400,000,000"},
{"sts":"Dikembalikan ke Desa","kecamatan":"SUKARAJA","desa":"NAGRAK","Realisasi":"400,000,000"},
{"sts":"Dikembalikan ke Desa","kecamatan":"SUKARAJA","desa":"PASIR JAMBU","Realisasi":"400,000,000"},
{"sts":"Dikembalikan ke Desa","kecamatan":"TAJURHALANG","desa":"CITAYAM","Realisasi":"400,000,000"},
{"sts":"Dikembalikan ke Desa","kecamatan":"TAJURHALANG","desa":"SASAK PANJANG","Realisasi":"400,000,000"},
{"sts":"Dikembalikan ke Desa","kecamatan":"TAMANSARI","desa":"SUKALUYU","Realisasi":"400,000,000"},
{"sts":"Dikembalikan ke Kecamatan","kecamatan":"CARIU","desa":"CARIU","Realisasi":"400,000,000"},
{"sts":"Dikembalikan ke Kecamatan","kecamatan":"CISEENG","desa":"PARIGI MEKAR","Realisasi":"400,000,000"},
{"sts":"Dikembalikan ke Kecamatan","kecamatan":"GUNUNG SINDUR","desa":"PABUARAN","Realisasi":"600,000,000"},
{"sts":"Proses Pencairan Dana Oleh Bank","kecamatan":"CIGOMBONG","desa":"CIADEG","Realisasi":"400,000,000"},
{"sts":"Proses Pencairan Dana Oleh Bank","kecamatan":"CIGOMBONG","desa":"CISALADA","Realisasi":"400,000,000"},
{"sts":"Proses Pencairan Dana Oleh Bank","kecamatan":"CIJERUK","desa":"CIPICUNG","Realisasi":"400,000,000"},
{"sts":"Proses Pencairan Dana Oleh Bank","kecamatan":"CILEUNGSI","desa":"CILEUNGSI KIDUL","Realisasi":"400,000,000"},
{"sts":"Proses Pencairan Dana Oleh Bank","kecamatan":"CITEUREUP","desa":"CITEUREUP","Realisasi":"400,000,000"},
{"sts":"Proses Pencairan Dana Oleh Bank","kecamatan":"CITEUREUP","desa":"SANJA","Realisasi":"400,000,000"},
{"sts":"Proses Pencairan Dana Oleh Bank","kecamatan":"GUNUNG PUTRI","desa":"BOJONG NANGKA","Realisasi":"600,000,000"},
{"sts":"Proses Pencairan Dana Oleh Bank","kecamatan":"JASINGA","desa":"KALONGSAWAH","Realisasi":"400,000,000"},
{"sts":"Proses Pencairan Dana Oleh Bank","kecamatan":"JONGGOL","desa":"SUKAMANAH","Realisasi":"400,000,000"},
{"sts":"Proses Pencairan Dana Oleh Bank","kecamatan":"LEUWILIANG","desa":"BARENGKOK","Realisasi":"400,000,000"},
{"sts":"Proses Pencairan Dana Oleh Bank","kecamatan":"MEGAMENDUNG","desa":"KUTA","Realisasi":"400,000,000"},
{"sts":"Proses Pencairan Dana Oleh Bank","kecamatan":"NANGGUNG","desa":"NANGGUNG","Realisasi":"400,000,000"},
{"sts":"Proses Pencairan Dana Oleh Bank","kecamatan":"PAMIJAHAN","desa":"CIMAYANG","Realisasi":"400,000,000"},
{"sts":"Proses Pencairan Dana Oleh Bank","kecamatan":"PAMIJAHAN","desa":"GUNUNG PICUNG","Realisasi":"400,000,000"},
{"sts":"Proses Pencairan Dana Oleh Bank","kecamatan":"RUMPIN","desa":"MEKARSARI","Realisasi":"400,000,000"},
{"sts":"Proses Pencairan Dana Oleh Bank","kecamatan":"RUMPIN","desa":"SUKAMULYA","Realisasi":"400,000,000"},
{"sts":"Proses Pencairan Dana Oleh Bank","kecamatan":"SUKARAJA","desa":"CIBANON","Realisasi":"100,000,000"},
{"sts":"Proses Pencairan Dana Oleh Bank","kecamatan":"SUKARAJA","desa":"SUKATANI","Realisasi":"400,000,000"},
{"sts":"Proses Pencairan Dana Oleh Bank","kecamatan":"TANJUNGSARI","desa":"ANTAJAYA","Realisasi":"400,000,000"},
{"sts":"Proses Pencairan Dana Oleh Bank","kecamatan":"TANJUNGSARI","desa":"SELAWANGI","Realisasi":"400,000,000"},
{"sts":"Proses Pencairan Dana Oleh Bank","kecamatan":"TANJUNGSARI","desa":"TANJUNGSARI","Realisasi":"400,000,000"},
{"sts":"Proses Pencairan Dana Oleh Bank","kecamatan":"TENJOLAYA","desa":"TAPOS II","Realisasi":"400,000,000"},
{"sts":"Proses SPP,SPM,SP2D di  BPKAD","kecamatan":"CARIU","desa":"KUTAMEKAR","Realisasi":"400,000,000"},
{"sts":"Proses SPP,SPM,SP2D di  BPKAD","kecamatan":"KEMANG","desa":"KEMANG","Realisasi":"400,000,000"},
{"sts":"Proses SPP,SPM,SP2D di  BPKAD","kecamatan":"LEUWISADENG","desa":"BABAKAN SADENG","Realisasi":"400,000,000"},
{"sts":"Proses SPP,SPM,SP2D di  BPKAD","kecamatan":"MEGAMENDUNG","desa":"SUKAMANAH","Realisasi":"400,000,000"},
{"sts":"Proses SPP,SPM,SP2D di  BPKAD","kecamatan":"PAMIJAHAN","desa":"CIBUNIAN","Realisasi":"400,000,000"},
{"sts":"Proses SPP,SPM,SP2D di  BPKAD","kecamatan":"TENJOLAYA","desa":"GUNUNG MALANG","Realisasi":"400,000,000"},
{"sts":"Review BPKAD","kecamatan":"CARIU","desa":"BABAKANRADEN","Realisasi":"400,000,000"},
{"sts":"Review BPKAD","kecamatan":"CARIU","desa":"BANTARKUNING","Realisasi":"400,000,000"},
{"sts":"Review BPKAD","kecamatan":"CIAMPEA","desa":"CIAMPEA","Realisasi":"400,000,000"},
{"sts":"Review BPKAD","kecamatan":"CIAWI","desa":"BANJAR WANGI","Realisasi":"400,000,000"},
{"sts":"Review BPKAD","kecamatan":"CIAWI","desa":"BITUNGSARI","Realisasi":"399,200,000"},
{"sts":"Review BPKAD","kecamatan":"CIAWI","desa":"TELUK PINANG","Realisasi":"400,000,000"},
{"sts":"Review BPKAD","kecamatan":"CISARUA","desa":"BATULAYANG","Realisasi":"400,000,000"},
{"sts":"Review BPKAD","kecamatan":"CISARUA","desa":"CITEKO","Realisasi":"400,000,000"},
{"sts":"Review BPKAD","kecamatan":"GUNUNG PUTRI","desa":"GUNUNG PUTRI","Realisasi":"400,000,000"},
{"sts":"Review BPKAD","kecamatan":"GUNUNG SINDUR","desa":"JAMPANG","Realisasi":"400,000,000"},
{"sts":"Review BPKAD","kecamatan":"JONGGOL","desa":"SUKAJAYA","Realisasi":"400,000,000"},
{"sts":"Review BPKAD","kecamatan":"JONGGOL","desa":"SUKASIRNA","Realisasi":"400,000,000"},
{"sts":"Review BPKAD","kecamatan":"JONGGOL","desa":"WENINGGALIH","Realisasi":"400,000,000"},
{"sts":"Review BPKAD","kecamatan":"KLAPANUNGGAL","desa":"LIGARMUKTI","Realisasi":"400,000,000"},
{"sts":"Review BPKAD","kecamatan":"KLAPANUNGGAL","desa":"NAMBO","Realisasi":"400,000,000"},
{"sts":"Review BPKAD","kecamatan":"MEGAMENDUNG","desa":"MEGAMENDUNG","Realisasi":"400,000,000"},
{"sts":"Review BPKAD","kecamatan":"PAMIJAHAN","desa":"GUNUNGBUNDER I","Realisasi":"400,000,000"},
{"sts":"Review BPKAD","kecamatan":"PARUNG","desa":"BOJONGINDAH","Realisasi":"400,000,000"},
{"sts":"Review BPKAD","kecamatan":"PARUNG","desa":"COGREG","Realisasi":"400,000,000"},
{"sts":"Review BPKAD","kecamatan":"PARUNG","desa":"JABONMEKAR","Realisasi":"400,000,000"},
{"sts":"Review BPKAD","kecamatan":"PARUNG","desa":"PARUNG","Realisasi":"400,000,000"},
{"sts":"Review BPKAD","kecamatan":"RANCA BUNGUR","desa":"BANTARSARI","Realisasi":"400,000,000"},
{"sts":"Review BPKAD","kecamatan":"RANCA BUNGUR","desa":"CIMULANG","Realisasi":"399,200,000"},
{"sts":"Review BPKAD","kecamatan":"SUKAMAKMUR","desa":"SUKARESMI","Realisasi":"400,000,000"},
{"sts":"Review BPKAD","kecamatan":"SUKARAJA","desa":"CIJUJUNG","Realisasi":"400,000,000"},
{"sts":"Review BPKAD","kecamatan":"SUKARAJA","desa":"CIMANDALA","Realisasi":"400,000,000"},
{"sts":"Review BPKAD","kecamatan":"TAMANSARI","desa":"SUKAJAYA","Realisasi":"400,000,000"},
{"sts":"Review DPMD","kecamatan":"BABAKAN MADANG","desa":"BABAKAN MADANG","Realisasi":"378,386,920"},
{"sts":"Review DPMD","kecamatan":"CIBUNGBULANG","desa":"DUKUH","Realisasi":"400,000,000"},
{"sts":"Review DPMD","kecamatan":"CIJERUK","desa":"CIBALUNG","Realisasi":"400,000,000"},
{"sts":"Review DPMD","kecamatan":"CIJERUK","desa":"CIPELANG","Realisasi":"400,000,000"},
{"sts":"Review DPMD","kecamatan":"CIJERUK","desa":"TAJUR HALANG","Realisasi":"400,000,000"},
{"sts":"Review DPMD","kecamatan":"CIJERUK","desa":"WARUNG MENTENG","Realisasi":"400,000,000"},
{"sts":"Review DPMD","kecamatan":"CISEENG","desa":"CIBEUTEUNG  MUARA","Realisasi":"400,000,000"},
{"sts":"Review DPMD","kecamatan":"CISEENG","desa":"KURIPAN","Realisasi":"400,000,000"},
{"sts":"Review DPMD","kecamatan":"CITEUREUP","desa":"TANGKIL","Realisasi":"400,000,000"},
{"sts":"Review DPMD","kecamatan":"CITEUREUP","desa":"TARIKOLOT","Realisasi":"400,000,000"},
{"sts":"Review DPMD","kecamatan":"GUNUNG PUTRI","desa":"CIANGSANA","Realisasi":"400,000,000"},
{"sts":"Review DPMD","kecamatan":"GUNUNG PUTRI","desa":"TLAJUNG UDIK","Realisasi":"450,000,000"},
{"sts":"Review DPMD","kecamatan":"GUNUNG SINDUR","desa":"CIDOKOM","Realisasi":"400,000,000"},
{"sts":"Review DPMD","kecamatan":"KLAPANUNGGAL","desa":"BANTAR JATI","Realisasi":"400,000,000"},
{"sts":"Review DPMD","kecamatan":"KLAPANUNGGAL","desa":"KLAPANUNGGAL","Realisasi":"392,746,117"},
{"sts":"Review DPMD","kecamatan":"NANGGUNG","desa":"BATU TULIS","Realisasi":"400,000,000"},
{"sts":"Review DPMD","kecamatan":"PAMIJAHAN","desa":"GUNUNGSARI","Realisasi":"400,000,000"},
{"sts":"Review DPMD","kecamatan":"PARUNG","desa":"WARUJAYA","Realisasi":"400,000,000"},
{"sts":"Review DPMD","kecamatan":"SUKAJAYA","desa":"SUKAJAYA","Realisasi":"400,000,000"},
{"sts":"Review DPMD","kecamatan":"SUKAMAKMUR","desa":"SUKAWANGI","Realisasi":"400,000,000"},
{"sts":"Review DPMD","kecamatan":"SUKARAJA","desa":"CIKEAS","Realisasi":"361,453,200"},
{"sts":"Review DPMD","kecamatan":"TAMANSARI","desa":"PASIREURIH","Realisasi":"450,000,000"},
{"sts":"Review DPMD","kecamatan":"TAMANSARI","desa":"SUKARESMI","Realisasi":"400,000,000"},
{"sts":"Sedang di Proses oleh Kecamatan","kecamatan":"BOJONG GEDE","desa":"BOJONGBARU","Realisasi":"400,000,000"},
{"sts":"Sedang di Proses oleh Kecamatan","kecamatan":"CIAMPEA","desa":"CIHIDEUNGHILIR","Realisasi":"400,000,000"},
{"sts":"Sedang di Proses oleh Kecamatan","kecamatan":"CIAMPEA","desa":"TEGALWARU","Realisasi":"400,000,000"},
{"sts":"Sedang di Proses oleh Kecamatan","kecamatan":"CIAWI","desa":"CIAWI","Realisasi":"400,000,000"},
{"sts":"Sedang di Proses oleh Kecamatan","kecamatan":"CIGOMBONG","desa":"WATESJAYA","Realisasi":"400,000,000"},
{"sts":"Sedang di Proses oleh Kecamatan","kecamatan":"CILEUNGSI","desa":"CIPEUCANG","Realisasi":"400,000,000"},
{"sts":"Sedang di Proses oleh Kecamatan","kecamatan":"CISARUA","desa":"LEUWIMALANG","Realisasi":"400,000,000"},
{"sts":"Sedang di Proses oleh Kecamatan","kecamatan":"KEMANG","desa":"PABUARAN","Realisasi":"400,000,000"},
{"sts":"Sedang di Proses oleh Kecamatan","kecamatan":"KLAPANUNGGAL","desa":"CIKAHURIPAN","Realisasi":"382,512,000"},
{"sts":"Sedang di Proses oleh Kecamatan","kecamatan":"NANGGUNG","desa":"SUKALUYU","Realisasi":"400,000,000"},
{"sts":"Sedang di Proses oleh Kecamatan","kecamatan":"PARUNG","desa":"WARU","Realisasi":"400,000,000"},
{"sts":"Sedang di Proses oleh Kecamatan","kecamatan":"PARUNG PANJANG","desa":"DAGO","Realisasi":"400,000,000"},
{"sts":"Sedang di Proses oleh Kecamatan","kecamatan":"RUMPIN","desa":"CIBODAS","Realisasi":"400,000,000"},
{"sts":"Sedang di Proses oleh Kecamatan","kecamatan":"RUMPIN","desa":"LEUWIBATU","Realisasi":"400,000,000"},
{"sts":"Sedang di Proses oleh Kecamatan","kecamatan":"RUMPIN","desa":"MEKARJAYA","Realisasi":"400,000,000"},
{"sts":"Sedang di Proses oleh Kecamatan","kecamatan":"RUMPIN","desa":"RABAK","Realisasi":"400,000,000"},
{"sts":"Sedang di Proses oleh Kecamatan","kecamatan":"SUKARAJA","desa":"PASIRLAJA","Realisasi":"400,000,000"},
{"sts":"Sedang di Proses oleh Kecamatan","kecamatan":"TAJURHALANG","desa":"TAJURHALANG","Realisasi":"400,000,000"}
]